Population Size,100
Crossover Rate,0.6
Proposition Crossover Rate,1.0
Mutation Rate,0.2
Proposition Mutation Rate,1.0
Budget,10
LPLV,LPOP,LPRV,RPLV,RPOP,RPRV,sum_tp,sum_tn,Score,data/log_0.6_1.2_180_all_2021_12_06_04_11_47_478561.csv-tp,data/log_0.6_1.2_180_all_2021_12_06_04_11_47_478561.csv-tn,data/log_0.6_1.2_180_all_2021_12_06_04_11_47_478561.csv-score,data/log_0.6_1.2_180_all_2021_12_03_22_42_39_402879.csv-tp,data/log_0.6_1.2_180_all_2021_12_03_22_42_39_402879.csv-tn,data/log_0.6_1.2_180_all_2021_12_03_22_42_39_402879.csv-score,data/log_0.6_1.2_180_all_2021_12_07_03_22_32_760679.csv-tp,data/log_0.6_1.2_180_all_2021_12_07_03_22_32_760679.csv-tn,data/log_0.6_1.2_180_all_2021_12_07_03_22_32_760679.csv-score,data/log_0.6_1.2_180_all_2021_12_06_14_02_49_655285.csv-tp,data/log_0.6_1.2_180_all_2021_12_06_14_02_49_655285.csv-tn,data/log_0.6_1.2_180_all_2021_12_06_14_02_49_655285.csv-score,data/log_0.6_1.2_180_all_2021_12_03_22_41_34_701934.csv-tp,data/log_0.6_1.2_180_all_2021_12_03_22_41_34_701934.csv-tn,data/log_0.6_1.2_180_all_2021_12_03_22_41_34_701934.csv-score,data/log_0.6_1.2_180_all_2021_12_07_03_23_04_416906.csv-tp,data/log_0.6_1.2_180_all_2021_12_07_03_23_04_416906.csv-tn,data/log_0.6_1.2_180_all_2021_12_07_03_23_04_416906.csv-score,data/log_0.6_1.2_180_all_2021_12_04_16_14_23_466870.csv-tp,data/log_0.6_1.2_180_all_2021_12_04_16_14_23_466870.csv-tn,data/log_0.6_1.2_180_all_2021_12_04_16_14_23_466870.csv-score,data/log_0.6_1.2_180_all_2021_12_04_16_16_38_761925.csv-tp,data/log_0.6_1.2_180_all_2021_12_04_16_16_38_761925.csv-tn,data/log_0.6_1.2_180_all_2021_12_04_16_16_38_761925.csv-score,data/log_0.6_1.2_180_all_2021_12_03_22_43_44_347360.csv-tp,data/log_0.6_1.2_180_all_2021_12_03_22_43_44_347360.csv-tn,data/log_0.6_1.2_180_all_2021_12_03_22_43_44_347360.csv-score,data/log_0.6_1.2_180_all_2021_12_03_22_44_14_471846.csv-tp,data/log_0.6_1.2_180_all_2021_12_03_22_44_14_471846.csv-tn,data/log_0.6_1.2_180_all_2021_12_03_22_44_14_471846.csv-score,data/log_0.6_1.2_180_all_2021_12_04_16_10_55_036876.csv-tp,data/log_0.6_1.2_180_all_2021_12_04_16_10_55_036876.csv-tn,data/log_0.6_1.2_180_all_2021_12_04_16_10_55_036876.csv-score,data/log_0.6_1.2_180_all_2021_12_06_14_02_08_022647.csv-tp,data/log_0.6_1.2_180_all_2021_12_06_14_02_08_022647.csv-tn,data/log_0.6_1.2_180_all_2021_12_06_14_02_08_022647.csv-score,data/log_0.6_1.2_180_all_2021_12_06_04_05_17_167048.csv-tp,data/log_0.6_1.2_180_all_2021_12_06_04_05_17_167048.csv-tn,data/log_0.6_1.2_180_all_2021_12_06_04_05_17_167048.csv-score,data/log_0.6_1.2_180_all_2021_12_06_04_10_24_083623.csv-tp,data/log_0.6_1.2_180_all_2021_12_06_04_10_24_083623.csv-tn,data/log_0.6_1.2_180_all_2021_12_06_04_10_24_083623.csv-score,data/log_0.6_1.2_180_all_2021_12_03_22_43_10_051660.csv-tp,data/log_0.6_1.2_180_all_2021_12_03_22_43_10_051660.csv-tn,data/log_0.6_1.2_180_all_2021_12_03_22_43_10_051660.csv-score,data/log_0.6_1.2_180_all_2021_12_03_22_45_56_459842.csv-tp,data/log_0.6_1.2_180_all_2021_12_03_22_45_56_459842.csv-tn,data/log_0.6_1.2_180_all_2021_12_03_22_45_56_459842.csv-score,data/log_0.6_1.2_180_all_2021_12_03_22_44_50_121013.csv-tp,data/log_0.6_1.2_180_all_2021_12_03_22_44_50_121013.csv-tn,data/log_0.6_1.2_180_all_2021_12_03_22_44_50_121013.csv-score,data/log_0.6_1.2_180_all_2021_12_07_03_24_43_797777.csv-tp,data/log_0.6_1.2_180_all_2021_12_07_03_24_43_797777.csv-tn,data/log_0.6_1.2_180_all_2021_12_07_03_24_43_797777.csv-score,data/log_0.6_1.2_180_all_2021_12_07_03_20_17_863684.csv-tp,data/log_0.6_1.2_180_all_2021_12_07_03_20_17_863684.csv-tn,data/log_0.6_1.2_180_all_2021_12_07_03_20_17_863684.csv-score,data/log_0.6_1.2_180_all_2021_12_06_14_01_31_870466.csv-tp,data/log_0.6_1.2_180_all_2021_12_06_14_01_31_870466.csv-tn,data/log_0.6_1.2_180_all_2021_12_06_14_01_31_870466.csv-score,data/log_0.6_1.2_180_all_2021_12_06_04_09_58_947524.csv-tp,data/log_0.6_1.2_180_all_2021_12_06_04_09_58_947524.csv-tn,data/log_0.6_1.2_180_all_2021_12_06_04_09_58_947524.csv-score,data/log_0.6_1.2_180_all_2021_12_04_16_21_45_670166.csv-tp,data/log_0.6_1.2_180_all_2021_12_04_16_21_45_670166.csv-tn,data/log_0.6_1.2_180_all_2021_12_04_16_21_45_670166.csv-score,data/log_0.6_1.2_180_all_2021_12_07_03_24_09_283927.csv-tp,data/log_0.6_1.2_180_all_2021_12_07_03_24_09_283927.csv-tn,data/log_0.6_1.2_180_all_2021_12_07_03_24_09_283927.csv-score,data/log_0.6_1.2_180_all_2021_12_04_16_11_32_585375.csv-tp,data/log_0.6_1.2_180_all_2021_12_04_16_11_32_585375.csv-tn,data/log_0.6_1.2_180_all_2021_12_04_16_11_32_585375.csv-score,data/log_0.6_1.2_180_all_2021_12_06_13_55_34_876450.csv-tp,data/log_0.6_1.2_180_all_2021_12_06_13_55_34_876450.csv-tn,data/log_0.6_1.2_180_all_2021_12_06_13_55_34_876450.csv-score,data/log_0.6_1.2_180_all_2021_12_06_14_06_58_164313.csv-tp,data/log_0.6_1.2_180_all_2021_12_06_14_06_58_164313.csv-tn,data/log_0.6_1.2_180_all_2021_12_06_14_06_58_164313.csv-score,data/log_0.6_1.2_180_all_2021_12_06_04_04_49_504150.csv-tp,data/log_0.6_1.2_180_all_2021_12_06_04_04_49_504150.csv-tn,data/log_0.6_1.2_180_all_2021_12_06_04_04_49_504150.csv-score,data/log_0.6_1.2_180_all_2021_12_03_22_45_22_677852.csv-tp,data/log_0.6_1.2_180_all_2021_12_03_22_45_22_677852.csv-tn,data/log_0.6_1.2_180_all_2021_12_03_22_45_22_677852.csv-score,data/log_0.6_1.2_180_all_2021_12_04_16_15_57_356080.csv-tp,data/log_0.6_1.2_180_all_2021_12_04_16_15_57_356080.csv-tn,data/log_0.6_1.2_180_all_2021_12_04_16_15_57_356080.csv-score,data/log_0.6_1.2_180_all_2021_12_06_04_12_16_764254.csv-tp,data/log_0.6_1.2_180_all_2021_12_06_04_12_16_764254.csv-tn,data/log_0.6_1.2_180_all_2021_12_06_04_12_16_764254.csv-score,data/log_0.6_1.2_180_all_2021_12_03_22_42_07_821144.csv-tp,data/log_0.6_1.2_180_all_2021_12_03_22_42_07_821144.csv-tn,data/log_0.6_1.2_180_all_2021_12_03_22_42_07_821144.csv-score,data/log_0.6_1.2_180_all_2021_12_06_04_08_45_055724.csv-tp,data/log_0.6_1.2_180_all_2021_12_06_04_08_45_055724.csv-tn,data/log_0.6_1.2_180_all_2021_12_06_04_08_45_055724.csv-score,data/log_0.6_1.2_180_all_2021_12_06_14_05_33_605464.csv-tp,data/log_0.6_1.2_180_all_2021_12_06_14_05_33_605464.csv-tn,data/log_0.6_1.2_180_all_2021_12_06_14_05_33_605464.csv-score,data/log_0.6_1.2_180_all_2021_12_07_03_22_00_654601.csv-tp,data/log_0.6_1.2_180_all_2021_12_07_03_22_00_654601.csv-tn,data/log_0.6_1.2_180_all_2021_12_07_03_22_00_654601.csv-score,data/log_0.6_1.2_180_all_2021_12_06_13_56_08_820606.csv-tp,data/log_0.6_1.2_180_all_2021_12_06_13_56_08_820606.csv-tn,data/log_0.6_1.2_180_all_2021_12_06_13_56_08_820606.csv-score
color t+0,>,color_goal,color t+1,<,color_goal,549,2369,18.814256339958877,13,85,13.26530612244898,15,72,17.24137931034483,21,56,27.27272727272727,16,65,19.753086419753085,16,61,20.77922077922078,18,65,21.686746987951807,15,75,16.666666666666664,17,68,20.0,14,72,16.27906976744186,18,65,21.686746987951807,14,73,16.091954022988507,13,76,14.606741573033707,14,68,17.073170731707318,16,66,19.51219512195122,20,52,27.77777777777778,18,67,21.176470588235293,15,68,18.072289156626507,15,56,21.12676056338028,16,66,19.51219512195122,14,72,16.27906976744186,19,71,21.11111111111111,15,82,15.463917525773196,14,59,19.17808219178082,18,69,20.689655172413794,12,64,15.789473684210526,9,79,10.227272727272728,21,59,26.25,15,79,15.957446808510639,12,67,15.18987341772152,12,67,15.18987341772152,15,63,19.230769230769234,17,69,19.767441860465116,13,69,15.853658536585366,24,59,28.915662650602407,15,65,18.75
LPLV,LPOP,LPRV,RPLV,RPOP,RPRV,sum_tp,sum_tn,Score,data/log_0.6_1.2_180_all_2021_12_06_04_11_47_478561.csv-tp,data/log_0.6_1.2_180_all_2021_12_06_04_11_47_478561.csv-tn,data/log_0.6_1.2_180_all_2021_12_06_04_11_47_478561.csv-score,data/log_0.6_1.2_180_all_2021_12_03_22_42_39_402879.csv-tp,data/log_0.6_1.2_180_all_2021_12_03_22_42_39_402879.csv-tn,data/log_0.6_1.2_180_all_2021_12_03_22_42_39_402879.csv-score,data/log_0.6_1.2_180_all_2021_12_07_03_22_32_760679.csv-tp,data/log_0.6_1.2_180_all_2021_12_07_03_22_32_760679.csv-tn,data/log_0.6_1.2_180_all_2021_12_07_03_22_32_760679.csv-score,data/log_0.6_1.2_180_all_2021_12_06_14_02_49_655285.csv-tp,data/log_0.6_1.2_180_all_2021_12_06_14_02_49_655285.csv-tn,data/log_0.6_1.2_180_all_2021_12_06_14_02_49_655285.csv-score,data/log_0.6_1.2_180_all_2021_12_03_22_41_34_701934.csv-tp,data/log_0.6_1.2_180_all_2021_12_03_22_41_34_701934.csv-tn,data/log_0.6_1.2_180_all_2021_12_03_22_41_34_701934.csv-score,data/log_0.6_1.2_180_all_2021_12_07_03_23_04_416906.csv-tp,data/log_0.6_1.2_180_all_2021_12_07_03_23_04_416906.csv-tn,data/log_0.6_1.2_180_all_2021_12_07_03_23_04_416906.csv-score,data/log_0.6_1.2_180_all_2021_12_04_16_14_23_466870.csv-tp,data/log_0.6_1.2_180_all_2021_12_04_16_14_23_466870.csv-tn,data/log_0.6_1.2_180_all_2021_12_04_16_14_23_466870.csv-score,data/log_0.6_1.2_180_all_2021_12_04_16_16_38_761925.csv-tp,data/log_0.6_1.2_180_all_2021_12_04_16_16_38_761925.csv-tn,data/log_0.6_1.2_180_all_2021_12_04_16_16_38_761925.csv-score,data/log_0.6_1.2_180_all_2021_12_03_22_43_44_347360.csv-tp,data/log_0.6_1.2_180_all_2021_12_03_22_43_44_347360.csv-tn,data/log_0.6_1.2_180_all_2021_12_03_22_43_44_347360.csv-score,data/log_0.6_1.2_180_all_2021_12_03_22_44_14_471846.csv-tp,data/log_0.6_1.2_180_all_2021_12_03_22_44_14_471846.csv-tn,data/log_0.6_1.2_180_all_2021_12_03_22_44_14_471846.csv-score,data/log_0.6_1.2_180_all_2021_12_04_16_10_55_036876.csv-tp,data/log_0.6_1.2_180_all_2021_12_04_16_10_55_036876.csv-tn,data/log_0.6_1.2_180_all_2021_12_04_16_10_55_036876.csv-score,data/log_0.6_1.2_180_all_2021_12_06_14_02_08_022647.csv-tp,data/log_0.6_1.2_180_all_2021_12_06_14_02_08_022647.csv-tn,data/log_0.6_1.2_180_all_2021_12_06_14_02_08_022647.csv-score,data/log_0.6_1.2_180_all_2021_12_06_04_05_17_167048.csv-tp,data/log_0.6_1.2_180_all_2021_12_06_04_05_17_167048.csv-tn,data/log_0.6_1.2_180_all_2021_12_06_04_05_17_167048.csv-score,data/log_0.6_1.2_180_all_2021_12_06_04_10_24_083623.csv-tp,data/log_0.6_1.2_180_all_2021_12_06_04_10_24_083623.csv-tn,data/log_0.6_1.2_180_all_2021_12_06_04_10_24_083623.csv-score,data/log_0.6_1.2_180_all_2021_12_03_22_43_10_051660.csv-tp,data/log_0.6_1.2_180_all_2021_12_03_22_43_10_051660.csv-tn,data/log_0.6_1.2_180_all_2021_12_03_22_43_10_051660.csv-score,data/log_0.6_1.2_180_all_2021_12_03_22_45_56_459842.csv-tp,data/log_0.6_1.2_180_all_2021_12_03_22_45_56_459842.csv-tn,data/log_0.6_1.2_180_all_2021_12_03_22_45_56_459842.csv-score,data/log_0.6_1.2_180_all_2021_12_03_22_44_50_121013.csv-tp,data/log_0.6_1.2_180_all_2021_12_03_22_44_50_121013.csv-tn,data/log_0.6_1.2_180_all_2021_12_03_22_44_50_121013.csv-score,data/log_0.6_1.2_180_all_2021_12_07_03_24_43_797777.csv-tp,data/log_0.6_1.2_180_all_2021_12_07_03_24_43_797777.csv-tn,data/log_0.6_1.2_180_all_2021_12_07_03_24_43_797777.csv-score,data/log_0.6_1.2_180_all_2021_12_07_03_20_17_863684.csv-tp,data/log_0.6_1.2_180_all_2021_12_07_03_20_17_863684.csv-tn,data/log_0.6_1.2_180_all_2021_12_07_03_20_17_863684.csv-score,data/log_0.6_1.2_180_all_2021_12_06_14_01_31_870466.csv-tp,data/log_0.6_1.2_180_all_2021_12_06_14_01_31_870466.csv-tn,data/log_0.6_1.2_180_all_2021_12_06_14_01_31_870466.csv-score,data/log_0.6_1.2_180_all_2021_12_06_04_09_58_947524.csv-tp,data/log_0.6_1.2_180_all_2021_12_06_04_09_58_947524.csv-tn,data/log_0.6_1.2_180_all_2021_12_06_04_09_58_947524.csv-score,data/log_0.6_1.2_180_all_2021_12_04_16_21_45_670166.csv-tp,data/log_0.6_1.2_180_all_2021_12_04_16_21_45_670166.csv-tn,data/log_0.6_1.2_180_all_2021_12_04_16_21_45_670166.csv-score,data/log_0.6_1.2_180_all_2021_12_07_03_24_09_283927.csv-tp,data/log_0.6_1.2_180_all_2021_12_07_03_24_09_283927.csv-tn,data/log_0.6_1.2_180_all_2021_12_07_03_24_09_283927.csv-score,data/log_0.6_1.2_180_all_2021_12_04_16_11_32_585375.csv-tp,data/log_0.6_1.2_180_all_2021_12_04_16_11_32_585375.csv-tn,data/log_0.6_1.2_180_all_2021_12_04_16_11_32_585375.csv-score,data/log_0.6_1.2_180_all_2021_12_06_13_55_34_876450.csv-tp,data/log_0.6_1.2_180_all_2021_12_06_13_55_34_876450.csv-tn,data/log_0.6_1.2_180_all_2021_12_06_13_55_34_876450.csv-score,data/log_0.6_1.2_180_all_2021_12_06_14_06_58_164313.csv-tp,data/log_0.6_1.2_180_all_2021_12_06_14_06_58_164313.csv-tn,data/log_0.6_1.2_180_all_2021_12_06_14_06_58_164313.csv-score,data/log_0.6_1.2_180_all_2021_12_06_04_04_49_504150.csv-tp,data/log_0.6_1.2_180_all_2021_12_06_04_04_49_504150.csv-tn,data/log_0.6_1.2_180_all_2021_12_06_04_04_49_504150.csv-score,data/log_0.6_1.2_180_all_2021_12_03_22_45_22_677852.csv-tp,data/log_0.6_1.2_180_all_2021_12_03_22_45_22_677852.csv-tn,data/log_0.6_1.2_180_all_2021_12_03_22_45_22_677852.csv-score,data/log_0.6_1.2_180_all_2021_12_04_16_15_57_356080.csv-tp,data/log_0.6_1.2_180_all_2021_12_04_16_15_57_356080.csv-tn,data/log_0.6_1.2_180_all_2021_12_04_16_15_57_356080.csv-score,data/log_0.6_1.2_180_all_2021_12_06_04_12_16_764254.csv-tp,data/log_0.6_1.2_180_all_2021_12_06_04_12_16_764254.csv-tn,data/log_0.6_1.2_180_all_2021_12_06_04_12_16_764254.csv-score,data/log_0.6_1.2_180_all_2021_12_03_22_42_07_821144.csv-tp,data/log_0.6_1.2_180_all_2021_12_03_22_42_07_821144.csv-tn,data/log_0.6_1.2_180_all_2021_12_03_22_42_07_821144.csv-score,data/log_0.6_1.2_180_all_2021_12_06_04_08_45_055724.csv-tp,data/log_0.6_1.2_180_all_2021_12_06_04_08_45_055724.csv-tn,data/log_0.6_1.2_180_all_2021_12_06_04_08_45_055724.csv-score,data/log_0.6_1.2_180_all_2021_12_06_14_05_33_605464.csv-tp,data/log_0.6_1.2_180_all_2021_12_06_14_05_33_605464.csv-tn,data/log_0.6_1.2_180_all_2021_12_06_14_05_33_605464.csv-score,data/log_0.6_1.2_180_all_2021_12_07_03_22_00_654601.csv-tp,data/log_0.6_1.2_180_all_2021_12_07_03_22_00_654601.csv-tn,data/log_0.6_1.2_180_all_2021_12_07_03_22_00_654601.csv-score,data/log_0.6_1.2_180_all_2021_12_06_13_56_08_820606.csv-tp,data/log_0.6_1.2_180_all_2021_12_06_13_56_08_820606.csv-tn,data/log_0.6_1.2_180_all_2021_12_06_13_56_08_820606.csv-score
color t+0,>,color_goal,color t+0,!=,color_goal,2931,0,100.0,98,0,100.0,88,0,100.0,77,0,100.0,81,0,100.0,78,0,100.0,84,0,100.0,90,0,100.0,85,0,100.0,87,0,100.0,83,0,100.0,87,0,100.0,89,0,100.0,83,0,100.0,83,0,100.0,72,0,100.0,85,0,100.0,84,0,100.0,71,0,100.0,83,0,100.0,86,0,100.0,90,0,100.0,97,0,100.0,73,0,100.0,87,0,100.0,77,0,100.0,88,0,100.0,80,0,100.0,94,0,100.0,79,0,100.0,80,0,100.0,79,0,100.0,86,0,100.0,83,0,100.0,84,0,100.0,80,0,100.0
color t+0,>,color_goal,color t+1,!=,color_goal,2659,259,91.1240575736806,90,8,91.83673469387756,80,7,91.95402298850574,73,4,94.8051948051948,73,8,90.12345679012346,68,9,88.31168831168831,80,3,96.3855421686747,84,6,93.33333333333333,81,4,95.29411764705881,76,10,88.37209302325581,71,12,85.54216867469879,80,7,91.95402298850574,79,10,88.76404494382022,75,7,91.46341463414635,74,8,90.2439024390244,61,11,84.72222222222221,78,7,91.76470588235294,72,11,86.74698795180723,66,5,92.95774647887323,75,7,91.46341463414635,78,8,90.69767441860465,86,4,95.55555555555556,91,6,93.81443298969072,70,3,95.8904109589041,80,7,91.95402298850574,66,10,86.8421052631579,76,12,86.36363636363636,76,4,95.0,84,10,89.36170212765957,70,9,88.60759493670885,70,9,88.60759493670885,70,8,89.74358974358975,78,8,90.69767441860465,74,8,90.2439024390244,81,2,97.59036144578313,73,7,91.25
color t+28,>,color_goal,color t+0,!=,color_goal,2234,223,90.92389092389092,80,5,94.11764705882352,62,11,84.93150684931507,62,5,92.53731343283582,66,4,94.28571428571428,57,10,85.07462686567165,74,1,98.66666666666667,72,4,94.73684210526315,68,5,93.15068493150685,66,6,91.66666666666666,56,12,82.35294117647058,65,7,90.27777777777779,61,11,84.72222222222221,65,5,92.85714285714286,62,7,89.85507246376811,56,6,90.32258064516128,60,12,83.33333333333334,65,8,89.04109589041096,58,1,98.30508474576271,66,6,91.66666666666666,64,6,91.42857142857143,69,6,92.0,76,6,92.6829268292683,54,3,94.73684210526315,64,7,90.14084507042254,54,9,85.71428571428571,63,7,90.0,64,2,96.96969696969697,73,6,92.40506329113924,60,4,93.75,62,4,93.93939393939394,53,12,81.53846153846153,67,8,89.33333333333333,60,9,86.95652173913044,71,2,97.26027397260275,59,6,90.76923076923077
color t+11,>,color_goal,color t+0,!=,color_goal,2483,250,90.85254299304793,88,4,95.65217391304348,71,11,86.58536585365853,71,2,97.26027397260275,67,9,88.1578947368421,62,11,84.93150684931507,78,2,97.5,80,4,95.23809523809523,71,8,89.87341772151899,69,11,86.25,60,16,78.94736842105263,72,8,90.0,72,10,87.8048780487805,69,8,89.6103896103896,72,4,94.73684210526315,58,11,84.05797101449275,66,13,83.54430379746836,66,14,82.5,63,2,96.92307692307692,75,4,94.9367088607595,73,7,91.25,78,7,91.76470588235294,85,6,93.4065934065934,64,2,96.96969696969697,73,6,92.40506329113924,59,11,84.28571428571429,69,11,86.25,69,4,94.52054794520548,79,9,89.77272727272727,70,3,95.8904109589041,77,0,100.0,65,8,89.04109589041096,75,7,91.46341463414635,69,8,89.6103896103896,78,3,96.29629629629629,70,6,92.10526315789474
color t+29,>,color_goal,color t+0,!=,color_goal,2219,227,90.71954210956665,78,6,92.85714285714286,61,11,84.72222222222221,63,4,94.02985074626866,61,8,88.40579710144928,56,11,83.5820895522388,72,2,97.2972972972973,68,7,90.66666666666666,66,6,91.66666666666666,64,8,88.88888888888889,55,13,80.88235294117648,67,5,93.05555555555556,63,9,87.5,63,6,91.30434782608695,63,6,91.30434782608695,54,8,87.09677419354838,60,12,83.33333333333334,62,11,84.93150684931507,56,2,96.55172413793103,65,7,90.27777777777779,65,5,92.85714285714286,72,3,96.0,75,7,91.46341463414635,56,1,98.24561403508771,63,8,88.73239436619718,56,7,88.88888888888889,59,10,85.5072463768116,62,3,95.38461538461539,74,5,93.67088607594937,61,3,95.3125,63,3,95.45454545454545,56,9,86.15384615384616,67,8,89.33333333333333,60,8,88.23529411764706,71,2,97.26027397260275,62,3,95.38461538461539
color t+9,>,color_goal,color t+0,!=,color_goal,2501,257,90.6816533720087,85,9,90.42553191489363,72,12,85.71428571428571,67,6,91.78082191780823,70,6,92.10526315789474,64,9,87.67123287671232,81,1,98.78048780487805,78,6,92.85714285714286,74,6,92.5,73,9,89.02439024390245,71,7,91.02564102564102,73,7,91.25,72,10,87.8048780487805,74,5,93.67088607594937,62,14,81.57894736842105,62,8,88.57142857142857,68,13,83.9506172839506,69,11,86.25,61,4,93.84615384615384,72,7,91.13924050632912,77,3,96.25,80,6,93.02325581395348,83,8,91.20879120879121,65,3,95.58823529411765,69,10,87.34177215189874,61,9,87.14285714285714,69,11,86.25,70,3,95.8904109589041,81,7,92.04545454545455,70,5,93.33333333333333,71,6,92.20779220779221,64,10,86.48648648648648,78,4,95.1219512195122,67,12,84.81012658227847,77,4,95.06172839506173,71,6,92.20779220779221
color t+0,!=,color_goal,color t+1,!=,color_goal,5498,568,90.63633366303989,166,13,92.73743016759776,153,17,90.0,163,13,92.61363636363636,162,14,92.04545454545455,140,24,85.36585365853658,181,5,97.31182795698925,171,12,93.44262295081968,163,15,91.57303370786516,151,21,87.79069767441861,140,25,84.84848484848484,159,17,90.3409090909091,148,19,88.62275449101796,163,13,92.61363636363636,150,16,90.36144578313254,138,25,84.66257668711657,155,15,91.17647058823529,143,22,86.66666666666667,170,9,94.97206703910615,159,15,91.37931034482759,162,19,89.50276243093923,161,14,92.0,163,14,92.09039548022598,180,6,96.7741935483871,150,19,88.75739644970415,147,21,87.5,145,23,86.30952380952381,168,11,93.85474860335195,146,22,86.90476190476191,153,20,88.4393063583815,161,14,92.0,143,21,87.1951219512195,158,17,90.28571428571428,147,19,88.55421686746988,175,5,97.22222222222221,164,13,92.65536723163842
color t+21,>,color_goal,color t+0,!=,color_goal,2318,263,89.81015110422317,82,7,92.13483146067416,68,9,88.31168831168831,64,6,91.42857142857143,68,3,95.77464788732394,60,10,85.71428571428571,75,2,97.40259740259741,72,7,91.13924050632912,69,6,92.0,68,10,87.17948717948718,61,13,82.43243243243244,70,6,92.10526315789474,68,8,89.47368421052632,66,7,90.41095890410958,56,15,78.87323943661971,54,10,84.375,69,9,88.46153846153845,61,14,81.33333333333333,59,2,96.72131147540983,70,4,94.5945945945946,65,9,87.83783783783784,74,6,92.5,78,8,90.69767441860465,61,0,100.0,61,14,81.33333333333333,61,6,91.04477611940298,65,9,87.83783783783784,62,7,89.85507246376811,73,8,90.12345679012346,58,11,84.05797101449275,61,10,85.91549295774648,60,9,86.95652173913044,74,5,93.67088607594937,66,6,91.66666666666666,75,2,97.40259740259741,64,5,92.7536231884058
color t+0,<=,color_goal,color t+0,<,color_goal,3166,670,82.53388946819604,82,16,83.6734693877551,83,24,77.57009345794393,100,16,86.20689655172413,96,15,86.48648648648648,87,26,76.99115044247787,103,5,95.37037037037037,93,14,86.91588785046729,94,15,86.23853211009175,86,22,79.62962962962963,83,30,73.45132743362832,89,18,83.17757009345794,79,24,76.69902912621359,94,17,84.68468468468468,84,25,77.06422018348624,92,31,74.79674796747967,86,23,78.89908256880734,82,26,75.92592592592592,109,12,90.08264462809917,92,16,85.18518518518519,96,24,80.0,86,15,85.14851485148515,81,15,84.375,114,6,95.0,82,23,78.0952380952381,92,22,80.7017543859649,81,24,77.14285714285715,100,11,90.09009009009009,75,24,75.75757575757575,94,22,81.03448275862068,96,19,83.47826086956522,86,25,77.47747747747748,90,20,81.81818181818183,84,22,79.24528301886792,97,9,91.50943396226415,98,14,87.5
color t+0,>,color_goal,color t+1,>=,color_goal,2369,549,81.18574366004113,85,13,86.73469387755102,72,15,82.75862068965517,56,21,72.72727272727273,65,16,80.24691358024691,61,16,79.22077922077922,65,18,78.3132530120482,75,15,83.33333333333334,68,17,80.0,72,14,83.72093023255815,65,18,78.3132530120482,73,14,83.9080459770115,76,13,85.39325842696628,68,14,82.92682926829268,66,16,80.48780487804879,52,20,72.22222222222221,67,18,78.82352941176471,68,15,81.92771084337349,56,15,78.87323943661971,66,16,80.48780487804879,72,14,83.72093023255815,71,19,78.88888888888889,82,15,84.5360824742268,59,14,80.82191780821918,69,18,79.3103448275862,64,12,84.21052631578947,79,9,89.77272727272727,59,21,73.75,79,15,84.04255319148936,67,12,84.81012658227847,67,12,84.81012658227847,63,15,80.76923076923077,69,17,80.23255813953489,69,13,84.14634146341463,59,24,71.08433734939759,65,15,81.25
color t+0,<,color_goal,color t+1,<,color_goal,2339,809,74.30114358322744,62,19,76.5432098765432,59,24,71.08433734939759,73,26,73.73737373737373,72,23,75.78947368421053,61,26,70.11494252873564,81,22,78.64077669902912,75,18,80.64516129032258,70,23,75.26881720430107,63,23,73.25581395348837,55,27,67.07317073170732,67,22,75.28089887640449,57,21,73.07692307692307,73,21,77.6595744680851,63,21,75.0,61,30,67.03296703296702,60,25,70.58823529411765,56,26,68.29268292682927,88,20,81.48148148148148,66,26,71.73913043478261,73,22,76.84210526315789,61,24,71.76470588235294,62,18,77.5,95,18,84.070796460177,61,21,74.39024390243902,68,24,73.91304347826086,57,23,71.25,73,26,73.73737373737373,49,25,66.21621621621621,73,21,77.6595744680851,75,21,78.125,62,24,72.09302325581395,63,26,70.78651685393258,60,24,71.42857142857143,70,27,72.16494845360825,75,22,77.31958762886599
color t+0,>,color_goal,color t+1,>,color_goal,2110,808,72.30980123372173,77,21,78.57142857142857,65,22,74.71264367816092,52,25,67.53246753246754,57,24,70.37037037037037,52,25,67.53246753246754,62,21,74.69879518072288,69,21,76.66666666666667,64,21,75.29411764705883,62,24,72.09302325581395,53,30,63.85542168674698,66,21,75.86206896551724,66,23,74.15730337078652,61,21,74.39024390243902,58,24,70.73170731707317,41,31,56.94444444444444,60,25,70.58823529411765,57,26,68.67469879518072,51,20,71.83098591549296,59,23,71.95121951219512,64,22,74.4186046511628,67,23,74.44444444444444,76,21,78.35051546391753,56,17,76.71232876712328,62,25,71.26436781609196,54,22,71.05263157894737,67,21,76.13636363636364,55,25,68.75,69,25,73.40425531914893,58,21,73.41772151898735,58,21,73.41772151898735,55,23,70.51282051282051,61,25,70.93023255813954,61,21,74.39024390243902,57,26,68.67469879518072,58,22,72.5
color t+0,<=,color_goal,color t+1,<,color_goal,2598,1216,68.11746198217095,68,29,70.10309278350515,67,40,62.616822429906534,79,36,68.69565217391305,79,31,71.81818181818181,70,43,61.94690265486725,84,24,77.77777777777779,78,28,73.58490566037736,76,32,70.37037037037037,71,37,65.74074074074075,64,48,57.14285714285714,75,31,70.75471698113208,66,36,64.70588235294117,79,32,71.17117117117117,68,41,62.38532110091744,72,50,59.01639344262295,67,41,62.03703703703704,67,41,62.03703703703704,94,26,78.33333333333333,75,33,69.44444444444444,82,37,68.90756302521008,66,34,66.0,66,29,69.47368421052632,99,20,83.19327731092437,64,40,61.53846153846154,80,34,70.17543859649122,72,32,69.23076923076923,79,31,71.81818181818181,60,38,61.224489795918366,81,34,70.43478260869566,83,32,72.17391304347827,70,41,63.06306306306306,72,37,66.05504587155964,70,36,66.0377358490566,73,33,68.86792452830188,82,29,73.87387387387388
color t+0,>=,color_goal,color t+1,>,color_goal,2417,1167,67.43861607142857,84,30,73.68421052631578,74,37,66.66666666666666,60,33,64.51612903225806,64,32,66.66666666666666,67,36,65.0485436893204,64,24,72.72727272727273,77,26,74.75728155339806,73,27,73.0,75,33,69.44444444444444,69,44,61.06194690265486,74,30,71.15384615384616,76,37,67.2566371681416,68,31,68.68686868686868,69,38,64.48598130841121,55,48,53.398058252427184,68,40,62.96296296296296,68,41,62.38532110091744,54,29,65.06024096385542,65,33,66.3265306122449,74,36,67.27272727272727,76,29,72.38095238095238,86,26,76.78571428571429,58,21,73.41772151898735,77,32,70.64220183486239,63,35,64.28571428571429,75,37,66.96428571428571,60,31,65.93406593406593,80,38,67.79661016949152,69,31,69.0,64,34,65.3061224489796,68,35,66.01941747572816,69,37,65.09433962264151,70,34,67.3076923076923,60,32,65.21739130434783,64,30,68.08510638297872
color t+6,>,color_goal,color t+0,<=,color_goal,1897,928,67.1504424778761,58,39,59.79381443298969,55,32,63.2183908045977,47,28,62.66666666666667,57,22,72.15189873417721,54,22,71.05263157894737,61,22,73.49397590361446,61,23,72.61904761904762,58,25,69.87951807228916,57,28,67.05882352941175,51,30,62.96296296296296,55,26,67.90123456790124,58,25,69.87951807228916,61,21,74.39024390243902,48,29,62.33766233766234,45,25,64.28571428571429,53,31,63.095238095238095,48,32,60.0,55,13,80.88235294117648,50,30,62.5,64,16,80.0,53,36,59.55056179775281,59,32,64.83516483516483,58,13,81.69014084507043,47,34,58.0246913580247,54,18,75.0,58,24,70.73170731707317,46,28,62.16216216216216,52,36,59.09090909090909,56,22,71.7948717948718,49,30,62.0253164556962,54,23,70.12987012987013,55,29,65.47619047619048,53,29,64.63414634146342,51,32,61.44578313253012,56,23,70.88607594936708
color t+26,>,color_goal,color t+0,<=,color_goal,1544,952,61.858974358974365,41,44,48.23529411764706,39,36,52.0,41,28,59.42028985507246,49,22,69.01408450704226,44,24,64.70588235294117,40,35,53.333333333333336,58,20,74.35897435897436,54,21,72.0,47,26,64.38356164383562,46,24,65.71428571428571,54,19,73.97260273972603,47,26,64.38356164383562,37,34,52.112676056338024,50,19,72.46376811594203,45,17,72.58064516129032,42,32,56.75675675675676,48,25,65.75342465753424,45,16,73.77049180327869,34,38,47.22222222222222,55,16,77.46478873239437,39,37,51.31578947368421,49,35,58.333333333333336,40,18,68.96551724137932,40,33,54.794520547945204,45,18,71.42857142857143,49,23,68.05555555555556,44,24,64.70588235294117,39,40,49.36708860759494,46,20,69.6969696969697,35,31,53.03030303030303,35,32,52.23880597014925,38,37,50.66666666666667,46,24,65.71428571428571,38,36,51.35135135135135,45,22,67.16417910447761
color t+0,>,color_goal,color t+4,<,color_goal,1781,1101,61.797362942401115,54,42,56.25,56,29,65.88235294117646,56,21,72.72727272727273,50,28,64.1025641025641,47,28,62.66666666666667,67,13,83.75,55,35,61.111111111111114,56,29,65.88235294117646,40,44,47.61904761904761,43,39,52.4390243902439,48,39,55.172413793103445,45,44,50.56179775280899,52,29,64.19753086419753,43,38,53.086419753086425,46,25,64.7887323943662,45,37,54.87804878048781,45,38,54.21686746987952,60,11,84.50704225352112,60,22,73.17073170731707,54,32,62.7906976744186,55,35,61.111111111111114,49,48,50.51546391752577,55,18,75.34246575342466,51,36,58.620689655172406,50,26,65.78947368421053,47,40,54.02298850574713,59,20,74.68354430379746,45,48,48.38709677419355,49,30,62.0253164556962,53,25,67.94871794871796,44,31,58.666666666666664,50,34,59.523809523809526,42,37,53.16455696202531,58,22,72.5,52,28,65.0
color t+0,>,color_goal,color t+5,<,color_goal,1758,1112,61.254355400696866,57,38,60.0,50,35,58.82352941176471,47,30,61.038961038961034,52,26,66.66666666666666,41,33,55.4054054054054,64,15,81.0126582278481,59,31,65.55555555555556,55,30,64.70588235294117,43,40,51.80722891566265,35,46,43.20987654320987,50,37,57.47126436781609,51,38,57.30337078651685,56,25,69.1358024691358,42,38,52.5,39,32,54.929577464788736,44,37,54.32098765432099,42,41,50.602409638554214,63,8,88.73239436619718,54,28,65.85365853658537,62,24,72.09302325581395,52,37,58.42696629213483,54,43,55.670103092783506,56,17,76.71232876712328,48,39,55.172413793103445,54,22,71.05263157894737,53,34,60.91954022988506,48,30,61.53846153846154,43,50,46.236559139784944,54,25,68.35443037974683,54,24,69.23076923076923,38,36,51.35135135135135,49,34,59.036144578313255,45,34,56.9620253164557,54,25,68.35443037974683,50,30,62.5
color t+5,>,color_goal,color t+0,<,color_goal,1707,1149,59.76890756302521,55,43,56.12244897959183,56,32,63.63636363636363,48,28,63.1578947368421,58,22,72.5,45,32,58.44155844155844,66,17,79.51807228915662,53,32,62.35294117647059,54,30,64.28571428571429,45,41,52.32558139534884,40,42,48.78048780487805,47,35,57.3170731707317,44,40,52.38095238095239,55,28,66.26506024096386,39,39,50.0,39,31,55.714285714285715,42,43,49.411764705882355,41,39,51.24999999999999,55,14,79.71014492753623,50,31,61.72839506172839,50,31,61.72839506172839,53,37,58.88888888888889,51,41,55.434782608695656,56,16,77.77777777777779,44,38,53.65853658536586,47,26,64.38356164383562,46,37,55.42168674698795,43,32,57.333333333333336,43,46,48.31460674157304,46,33,58.22784810126582,51,29,63.74999999999999,46,32,58.97435897435898,49,36,57.647058823529406,47,36,56.62650602409639,54,29,65.06024096385542,49,31,61.25000000000001
color t+4,>,color_goal,color t+0,<,color_goal,1720,1160,59.72222222222222,53,45,54.08163265306123,56,32,63.63636363636363,53,24,68.83116883116884,56,25,69.1358024691358,50,28,64.1025641025641,68,16,80.95238095238095,47,39,54.65116279069767,52,33,61.1764705882353,47,40,54.02298850574713,39,44,46.98795180722892,44,39,53.01204819277109,42,43,49.411764705882355,53,30,63.85542168674698,39,40,49.36708860759494,45,25,64.28571428571429,40,45,47.05882352941176,41,39,51.24999999999999,55,15,78.57142857142857,59,23,71.95121951219512,48,34,58.536585365853654,53,37,58.88888888888889,47,46,50.53763440860215,57,16,78.08219178082192,41,42,49.39759036144578,44,30,59.45945945945946,44,40,52.38095238095239,53,23,69.73684210526315,42,48,46.666666666666664,42,37,53.16455696202531,58,22,72.5,46,33,58.22784810126582,50,36,58.139534883720934,46,37,55.42168674698795,61,23,72.61904761904762,49,31,61.25000000000001
color t+0,>,color_goal,color t+6,<,color_goal,1664,1196,58.18181818181818,52,42,55.319148936170215,38,47,44.70588235294118,42,35,54.54545454545454,49,29,62.82051282051282,38,35,52.054794520547944,55,24,69.62025316455697,63,27,70.0,55,30,64.70588235294117,44,38,53.65853658536586,33,47,41.25,55,32,63.2183908045977,54,35,60.67415730337079,54,27,66.66666666666666,41,39,51.24999999999999,30,41,42.25352112676056,39,41,48.75,37,45,45.1219512195122,55,16,77.46478873239437,47,35,57.3170731707317,61,24,71.76470588235294,46,42,52.27272727272727,56,41,57.73195876288659,58,15,79.45205479452055,47,40,54.02298850574713,49,27,64.47368421052632,56,31,64.36781609195403,44,33,57.14285714285714,44,49,47.31182795698925,53,26,67.08860759493672,47,31,60.256410256410255,36,37,49.31506849315068,45,38,54.21686746987952,42,37,53.16455696202531,47,32,59.49367088607595,52,28,65.0
color t+16,>,color_goal,color t+0,>=,color_goal,1534,1137,57.43167353051292,57,32,64.04494382022472,51,28,64.55696202531645,37,35,51.388888888888886,33,43,43.42105263157895,39,33,54.166666666666664,35,44,44.303797468354425,45,38,54.21686746987952,34,45,43.037974683544306,52,28,65.0,50,25,66.66666666666666,53,26,67.08860759493672,47,33,58.75,43,32,57.333333333333336,53,23,69.73684210526315,38,29,56.71641791044776,51,27,65.38461538461539,50,27,64.93506493506493,30,35,46.15384615384615,45,34,56.9620253164557,39,37,51.31578947368421,48,34,58.536585365853654,58,31,65.1685393258427,27,35,43.54838709677419,42,36,53.84615384615385,35,35,50.0,43,35,55.12820512820513,42,31,57.534246575342465,59,27,68.6046511627907,43,28,60.56338028169014,49,23,68.05555555555556,41,32,56.16438356164384,51,28,64.55696202531645,37,36,50.68493150684932,43,35,55.12820512820513,34,37,47.88732394366197
color t+6,>,color_goal,color t+0,<,color_goal,1609,1216,56.95575221238938,50,47,51.546391752577314,48,39,55.172413793103445,41,34,54.666666666666664,53,26,67.08860759493672,39,37,51.31578947368421,58,25,69.87951807228916,54,30,64.28571428571429,50,33,60.24096385542169,47,38,55.294117647058826,42,39,51.85185185185185,49,32,60.49382716049383,43,40,51.80722891566265,54,28,65.85365853658537,39,38,50.649350649350644,35,35,50.0,43,41,51.19047619047619,40,40,50.0,47,21,69.11764705882352,44,36,55.00000000000001,49,31,61.25000000000001,46,43,51.68539325842697,48,43,52.74725274725275,54,17,76.05633802816901,40,41,49.382716049382715,46,26,63.888888888888886,48,34,58.536585365853654,41,33,55.4054054054054,42,46,47.72727272727273,47,31,60.256410256410255,44,35,55.69620253164557,44,33,57.14285714285714,45,39,53.57142857142857,45,37,54.87804878048781,46,37,55.42168674698795,48,31,60.75949367088608
color t+0,>,color_goal,color t+3,<,color_goal,1616,1282,55.76259489302967,42,55,43.29896907216495,48,37,56.470588235294116,61,16,79.22077922077922,44,35,55.69620253164557,45,31,59.210526315789465,56,25,69.1358024691358,46,44,51.11111111111111,49,36,57.647058823529406,38,47,44.70588235294118,47,36,56.62650602409639,42,45,48.275862068965516,42,47,47.19101123595505,43,38,53.086419753086425,40,42,48.78048780487805,52,20,72.22222222222221,45,38,54.21686746987952,46,37,55.42168674698795,51,20,71.83098591549296,53,29,64.63414634146342,43,43,50.0,51,39,56.666666666666664,41,56,42.2680412371134,43,30,58.9041095890411,44,43,50.57471264367817,39,37,51.31578947368421,40,48,45.45454545454545,57,23,71.25,47,47,50.0,41,38,51.89873417721519,45,33,57.692307692307686,44,32,57.89473684210527,47,38,55.294117647058826,40,40,50.0,59,22,72.8395061728395,45,35,56.25
color t+7,>,color_goal,color t+0,>=,color t+10,1536,1229,55.55153707052442,48,47,50.526315789473685,50,33,60.24096385542169,45,29,60.810810810810814,35,41,46.05263157894737,45,28,61.64383561643836,60,20,75.0,34,50,40.476190476190474,43,39,52.4390243902439,41,41,50.0,43,37,53.75,40,40,50.0,41,41,50.0,38,41,48.10126582278481,38,37,50.66666666666667,48,22,68.57142857142857,40,41,49.382716049382715,45,34,56.9620253164557,38,29,56.71641791044776,52,26,66.66666666666666,37,43,46.25,58,30,65.9090909090909,45,46,49.45054945054945,31,39,44.285714285714285,45,35,56.25,32,38,45.714285714285715,33,48,40.74074074074074,50,23,68.4931506849315,49,39,55.68181818181818,42,35,54.54545454545454,46,30,60.526315789473685,48,25,65.75342465753424,49,33,59.756097560975604,46,32,58.97435897435898,58,22,72.5,43,35,55.12820512820513
color t+0,>,color_goal,color t+7,<,color_goal,1577,1271,55.37219101123596,47,47,50.0,32,53,37.64705882352941,43,34,55.84415584415584,46,32,58.97435897435898,34,38,47.22222222222222,44,35,55.69620253164557,63,27,70.0,48,36,57.14285714285714,48,34,58.536585365853654,40,40,50.0,55,32,63.2183908045977,51,37,57.95454545454546,47,34,58.0246913580247,45,34,56.9620253164557,27,44,38.028169014084504,41,38,51.89873417721519,39,42,48.148148148148145,47,23,67.14285714285714,40,41,49.382716049382715,55,30,64.70588235294117,39,48,44.827586206896555,56,40,58.333333333333336,54,19,73.97260273972603,44,43,50.57471264367817,47,29,61.8421052631579,51,36,58.620689655172406,46,31,59.74025974025974,43,49,46.73913043478261,49,30,62.0253164556962,42,36,53.84615384615385,34,38,47.22222222222222,42,41,50.602409638554214,46,33,58.22784810126582,42,37,53.16455696202531,50,30,62.5
color t+10,>,color_goal,color t+0,<=,color_goal,1519,1226,55.33697632058288,49,44,52.68817204301075,42,41,50.602409638554214,30,43,41.0958904109589,40,36,52.63157894736842,40,33,54.794520547945204,32,49,39.50617283950617,43,41,51.19047619047619,40,39,50.63291139240506,51,30,62.96296296296296,46,31,59.74025974025974,49,31,61.25000000000001,39,43,47.5609756097561,45,33,57.692307692307686,56,20,73.68421052631578,42,28,60.0,53,27,66.25,50,30,62.5,33,32,50.76923076923077,41,38,51.89873417721519,45,35,56.25,35,50,41.17647058823529,53,38,58.24175824175825,36,31,53.73134328358209,48,31,60.75949367088608,44,26,62.857142857142854,42,38,52.5,45,28,61.64383561643836,45,43,51.13636363636363,46,28,62.16216216216216,40,37,51.94805194805194,43,30,58.9041095890411,47,35,57.3170731707317,48,30,61.53846153846154,37,44,45.67901234567901,44,33,57.14285714285714
color t+0,>,color_goal,color t+24,<,color_goal,1431,1160,55.22964106522578,41,43,48.80952380952381,35,42,45.45454545454545,40,30,57.14285714285714,40,30,57.14285714285714,29,37,43.93939393939394,45,24,65.21739130434783,53,27,66.25,46,31,59.74025974025974,39,35,52.702702702702695,36,37,49.31506849315068,46,32,58.97435897435898,45,38,54.21686746987952,41,33,55.4054054054054,38,34,52.77777777777778,28,36,43.75,33,39,45.83333333333333,36,35,50.70422535211267,50,13,79.36507936507937,35,36,49.29577464788733,53,25,67.94871794871796,43,36,54.43037974683544,43,45,48.86363636363637,52,15,77.61194029850746,41,40,50.617283950617285,39,31,55.714285714285715,41,40,50.617283950617285,41,28,59.42028985507246,36,48,42.857142857142854,49,25,66.21621621621621,44,27,61.97183098591549,30,37,44.776119402985074,41,36,53.246753246753244,33,39,45.83333333333333,42,30,58.333333333333336,47,26,64.38356164383562
speed t+0,==,speed t+4,color t+18,<,color_goal,69,57,54.761904761904766,2,1,66.66666666666666,2,1,66.66666666666666,5,3,62.5,4,0,100.0,1,0,100.0,3,2,60.0,2,3,40.0,2,0,100.0,1,4,20.0,1,0,100.0,0,0,0,1,1,50.0,4,6,40.0,0,1,0.0,1,0,100.0,0,1,0.0,1,1,50.0,2,0,100.0,2,4,33.33333333333333,0,1,0.0,1,2,33.33333333333333,3,4,42.857142857142854,3,0,100.0,1,5,16.666666666666664,6,0,100.0,0,0,0,4,2,66.66666666666666,2,5,28.57142857142857,4,2,66.66666666666666,5,3,62.5,2,0,100.0,3,1,75.0,0,4,0.0,1,0,100.0,0,0,0
color t+24,>,color_goal,color t+0,<,color_goal,1386,1154,54.56692913385827,38,48,44.18604651162791,39,37,51.31578947368421,38,32,54.285714285714285,42,29,59.154929577464785,32,38,45.714285714285715,49,26,65.33333333333333,48,31,60.75949367088608,47,28,62.66666666666667,41,34,54.666666666666664,39,32,54.929577464788736,42,33,56.00000000000001,40,35,53.333333333333336,42,29,59.154929577464785,37,32,53.62318840579711,29,35,45.3125,42,34,55.26315789473685,38,36,51.35135135135135,42,19,68.85245901639344,33,41,44.5945945945946,46,27,63.013698630136986,42,36,53.84615384615385,41,45,47.674418604651166,42,18,70.0,38,37,50.66666666666667,33,31,51.5625,37,37,50.0,43,26,62.31884057971014,37,42,46.835443037974684,41,27,60.29411764705882,39,29,57.35294117647059,31,38,44.927536231884055,40,36,52.63157894736842,34,36,48.57142857142857,40,35,53.333333333333336,44,25,63.76811594202898
color t+7,>,color_goal,color t+0,<,color_goal,1519,1279,54.28877769835597,45,51,46.875,39,47,45.348837209302324,42,32,56.75675675675676,52,26,66.66666666666666,37,38,49.333333333333336,46,37,55.42168674698795,54,30,64.28571428571429,45,37,54.87804878048781,48,36,57.14285714285714,46,34,57.49999999999999,49,31,61.25000000000001,42,40,51.21951219512195,49,32,60.49382716049383,40,36,52.63157894736842,29,41,41.42857142857143,44,39,53.01204819277109,39,41,48.75,37,30,55.223880597014926,36,43,45.56962025316456,50,30,62.5,39,49,44.31818181818182,50,41,54.94505494505495,49,21,70.0,40,40,50.0,46,25,64.7887323943662,48,33,59.25925925925925,41,32,56.16438356164384,41,47,46.590909090909086,46,31,59.74025974025974,37,41,47.43589743589743,39,37,51.31578947368421,45,38,54.21686746987952,43,38,53.086419753086425,41,42,49.39759036144578,45,33,57.692307692307686
color t+0,>,color_goal,color t+25,<,color_goal,1398,1181,54.207056998836755,38,46,45.23809523809524,30,47,38.961038961038966,36,33,52.17391304347826,41,29,58.57142857142858,31,34,47.69230769230769,40,29,57.971014492753625,56,24,70.0,49,27,64.47368421052632,40,34,54.054054054054056,40,33,54.794520547945204,50,28,64.1025641025641,47,36,56.62650602409639,36,38,48.64864864864865,39,32,54.929577464788736,31,33,48.4375,29,42,40.845070422535215,37,34,52.112676056338024,50,12,80.64516129032258,27,43,38.57142857142858,54,23,70.12987012987013,36,43,45.56962025316456,46,41,52.87356321839081,49,18,73.13432835820896,39,41,48.75,39,31,55.714285714285715,47,34,58.0246913580247,43,26,62.31884057971014,32,51,38.55421686746988,47,27,63.51351351351351,39,32,54.929577464788736,26,40,39.39393939393939,36,41,46.75324675324675,37,35,51.388888888888886,34,38,47.22222222222222,47,26,64.38356164383562
color t+13,>,color_goal,color t+0,<,color_goal,1468,1247,54.069981583793734,54,36,60.0,45,35,56.25,50,23,68.4931506849315,35,41,46.05263157894737,44,29,60.273972602739725,58,21,73.41772151898735,41,43,48.80952380952381,43,36,54.43037974683544,34,46,42.5,32,43,42.66666666666667,38,42,47.5,39,43,47.5609756097561,43,32,57.333333333333336,36,40,47.368421052631575,37,31,54.41176470588235,45,33,57.692307692307686,34,46,42.5,48,17,73.84615384615385,50,29,63.29113924050633,38,41,48.10126582278481,51,34,60.0,38,53,41.75824175824176,48,17,73.84615384615385,35,44,44.303797468354425,31,39,44.285714285714285,31,49,38.75,44,29,60.273972602739725,41,47,46.590909090909086,43,30,58.9041095890411,46,29,61.33333333333333,42,31,57.534246575342465,44,38,53.65853658536586,35,40,46.666666666666664,54,27,66.66666666666666,41,33,55.4054054054054
color t+0,>,color_goal,color t+23,<,color_goal,1407,1196,54.05301575105648,42,42,50.0,40,37,51.94805194805194,45,25,64.28571428571429,40,31,56.33802816901409,27,40,40.298507462686565,47,22,68.11594202898551,44,36,55.00000000000001,44,33,57.14285714285714,36,38,48.64864864864865,33,40,45.20547945205479,40,38,51.28205128205128,40,43,48.19277108433735,45,30,60.0,35,38,47.94520547945205,26,38,40.625,32,40,44.44444444444444,32,40,44.44444444444444,47,17,73.4375,44,28,61.111111111111114,47,32,59.49367088607595,43,36,54.43037974683544,39,49,44.31818181818182,48,19,71.64179104477611,43,38,53.086419753086425,37,33,52.85714285714286,37,44,45.67901234567901,41,29,58.57142857142858,40,45,47.05882352941176,50,24,67.56756756756756,49,22,69.01408450704226,30,38,44.11764705882353,44,33,57.14285714285714,29,43,40.27777777777778,47,26,64.38356164383562,44,29,60.273972602739725
color t+25,>,color_goal,color t+0,<,color_goal,1355,1163,53.81254964257347,33,52,38.82352941176471,34,42,44.73684210526316,34,36,48.57142857142857,42,29,59.154929577464785,33,36,47.82608695652174,43,32,57.333333333333336,52,27,65.82278481012658,50,25,66.66666666666666,40,34,54.054054054054056,37,34,52.112676056338024,47,27,63.51351351351351,39,35,52.702702702702695,38,33,53.52112676056338,40,29,57.971014492753625,34,29,53.96825396825397,34,41,45.33333333333333,42,31,57.534246575342465,41,20,67.21311475409836,29,44,39.726027397260275,48,24,66.66666666666666,40,37,51.94805194805194,43,42,50.588235294117645,39,20,66.10169491525424,36,38,48.64864864864865,36,27,57.14285714285714,42,31,57.534246575342465,41,28,59.42028985507246,32,47,40.50632911392405,42,25,62.68656716417911,35,32,52.23880597014925,27,41,39.705882352941174,37,38,49.333333333333336,37,33,52.85714285714286,34,40,45.94594594594595,44,24,64.70588235294117
color t+3,>,color_goal,color t+0,<,color_goal,1554,1338,53.7344398340249,42,56,42.857142857142854,47,41,53.40909090909091,55,22,71.42857142857143,46,35,56.79012345679012,46,32,58.97435897435898,60,24,71.42857142857143,39,48,44.827586206896555,46,39,54.11764705882353,41,46,47.12643678160919,40,43,48.19277108433735,41,43,48.80952380952381,38,48,44.18604651162791,45,38,54.21686746987952,35,45,43.75,45,25,64.28571428571429,38,47,44.70588235294118,41,40,50.617283950617285,47,23,67.14285714285714,56,27,67.46987951807229,40,43,48.19277108433735,50,40,55.55555555555556,37,57,39.361702127659576,46,27,63.013698630136986,36,48,42.857142857142854,37,37,50.0,38,47,44.70588235294118,50,27,64.93506493506493,43,48,47.25274725274725,38,41,48.10126582278481,51,29,63.74999999999999,41,38,51.89873417721519,48,38,55.81395348837209,42,41,50.602409638554214,64,20,76.19047619047619,45,35,56.25
color t+23,>,color_goal,color t+0,<,color_goal,1364,1191,53.38551859099804,40,47,45.97701149425287,45,31,59.210526315789465,46,24,65.71428571428571,39,32,54.929577464788736,36,34,51.42857142857142,50,25,66.66666666666666,42,37,53.16455696202531,41,34,54.666666666666664,41,35,53.94736842105263,35,37,48.61111111111111,37,39,48.68421052631579,35,41,46.05263157894737,43,28,60.56338028169014,31,38,44.927536231884055,30,34,46.875,42,35,54.54545454545454,32,43,42.66666666666667,40,21,65.57377049180327,40,34,54.054054054054056,40,34,54.054054054054056,45,34,56.9620253164557,42,44,48.837209302325576,43,18,70.49180327868852,34,41,45.33333333333333,30,35,46.15384615384615,31,43,41.891891891891895,36,33,52.17391304347826,40,39,50.63291139240506,40,29,57.971014492753625,44,25,63.76811594202898,30,39,43.47826086956522,47,30,61.038961038961034,30,40,42.857142857142854,48,28,63.1578947368421,39,30,56.52173913043478
color t+14,>,color_goal,color t+0,<,color_goal,1436,1268,53.10650887573964,50,39,56.17977528089888,42,37,53.16455696202531,48,25,65.75342465753424,41,35,53.94736842105263,45,28,61.64383561643836,62,17,78.48101265822784,41,43,48.80952380952381,49,30,62.0253164556962,32,48,40.0,31,44,41.333333333333336,32,48,40.0,39,43,47.5609756097561,37,38,49.333333333333336,29,47,38.15789473684211,38,30,55.88235294117647,44,34,56.41025641025641,34,45,43.037974683544306,47,18,72.3076923076923,42,37,53.16455696202531,38,40,48.717948717948715,51,33,60.71428571428571,34,57,37.362637362637365,48,16,75.0,39,40,49.36708860759494,35,35,50.0,36,44,45.0,46,27,63.013698630136986,41,47,46.590909090909086,40,33,54.794520547945204,44,30,59.45945945945946,38,35,52.054794520547944,41,40,50.617283950617285,35,39,47.2972972972973,46,34,57.49999999999999,41,32,56.16438356164384
color t+12,>,color_goal,color t+0,<,color_goal,1427,1295,52.424687729610575,51,40,56.043956043956044,42,39,51.85185185185185,43,30,58.9041095890411,33,43,43.42105263157895,34,39,46.57534246575342,51,28,64.55696202531645,41,43,48.80952380952381,38,41,48.10126582278481,38,42,47.5,31,44,41.333333333333336,41,39,51.24999999999999,34,48,41.46341463414634,43,33,56.57894736842105,42,34,55.26315789473685,37,31,54.41176470588235,41,37,52.56410256410257,39,41,48.75,43,22,66.15384615384615,49,30,62.0253164556962,37,43,46.25,47,38,55.294117647058826,44,47,48.35164835164835,44,21,67.6923076923077,33,46,41.77215189873418,30,40,42.857142857142854,28,52,35.0,40,33,54.794520547945204,45,43,51.13636363636363,43,30,58.9041095890411,45,31,59.210526315789465,46,27,63.013698630136986,42,40,51.21951219512195,34,42,44.73684210526316,56,25,69.1358024691358,42,33,56.00000000000001
color t+0,!=,color_goal,color t+1,>=,color_goal,3178,2888,52.390372568414115,104,75,58.10055865921788,96,74,56.470588235294116,82,94,46.590909090909086,88,88,50.0,87,77,53.04878048780488,87,99,46.774193548387096,93,90,50.81967213114754,91,87,51.12359550561798,95,77,55.23255813953488,92,73,55.757575757575765,95,81,53.97727272727273,97,70,58.08383233532935,89,87,50.56818181818182,87,79,52.40963855421686,82,81,50.306748466257666,92,78,54.11764705882353,94,71,56.96969696969697,76,103,42.45810055865922,92,82,52.87356321839081,94,87,51.93370165745856,95,80,54.285714285714285,100,77,56.49717514124294,77,109,41.39784946236559,90,79,53.25443786982249,88,80,52.38095238095239,102,66,60.71428571428571,85,94,47.486033519553075,104,64,61.904761904761905,88,85,50.86705202312138,88,87,50.28571428571429,87,77,53.04878048780488,95,80,54.285714285714285,93,73,56.024096385542165,86,94,47.77777777777778,87,90,49.152542372881356
color t+0,>,color_goal,color t+13,<,color_goal,1427,1303,52.27106227106228,52,41,55.91397849462365,43,38,53.086419753086425,54,20,72.97297297297297,34,39,46.57534246575342,38,32,54.285714285714285,51,24,68.0,38,46,45.23809523809524,42,36,53.84615384615385,31,48,39.24050632911392,30,46,39.473684210526315,35,48,42.168674698795186,32,53,37.64705882352941,41,39,51.24999999999999,32,43,42.66666666666667,36,31,53.73134328358209,38,38,50.0,37,40,48.05194805194805,49,18,73.13432835820896,45,31,59.210526315789465,35,46,43.20987654320987,53,30,63.85542168674698,38,52,42.22222222222222,53,16,76.81159420289855,35,46,43.20987654320987,31,45,40.78947368421053,32,51,38.55421686746988,44,31,58.666666666666664,46,43,51.68539325842697,40,35,53.333333333333336,45,30,60.0,43,29,59.72222222222222,43,40,51.80722891566265,34,43,44.15584415584416,53,25,67.94871794871796,44,30,59.45945945945946
color t+0,!=,color_goal,color t+0,<,color_goal,3166,2931,51.927177300311634,82,98,45.55555555555556,83,88,48.53801169590643,100,77,56.49717514124294,96,81,54.23728813559322,87,78,52.72727272727272,103,84,55.080213903743314,93,90,50.81967213114754,94,85,52.513966480446925,86,87,49.71098265895954,83,83,50.0,89,87,50.56818181818182,79,89,47.023809523809526,94,83,53.10734463276836,84,83,50.29940119760479,92,72,56.09756097560976,86,85,50.29239766081871,82,84,49.39759036144578,109,71,60.55555555555555,92,83,52.57142857142857,96,86,52.74725274725275,86,90,48.86363636363637,81,97,45.50561797752809,114,73,60.962566844919785,82,87,48.5207100591716,92,77,54.437869822485204,81,88,47.928994082840234,100,80,55.55555555555556,75,94,44.37869822485207,94,79,54.33526011560693,96,80,54.54545454545454,86,79,52.121212121212125,90,86,51.13636363636363,84,83,50.29940119760479,97,84,53.591160220994475,98,80,55.0561797752809
color t+26,>,color_goal,color t+0,<,color_goal,1295,1201,51.88301282051282,32,53,37.64705882352941,27,48,36.0,33,36,47.82608695652174,45,26,63.38028169014085,35,33,51.470588235294116,37,38,49.333333333333336,55,23,70.51282051282051,48,27,64.0,38,35,52.054794520547944,36,34,51.42857142857142,47,26,64.38356164383562,37,36,50.68493150684932,33,38,46.478873239436616,44,25,63.76811594202898,33,29,53.2258064516129,31,43,41.891891891891895,38,35,52.054794520547944,38,23,62.295081967213115,30,42,41.66666666666667,46,25,64.7887323943662,35,41,46.05263157894737,40,44,47.61904761904761,36,22,62.06896551724138,32,41,43.83561643835616,38,25,60.317460317460316,41,31,56.94444444444444,38,30,55.88235294117647,31,48,39.24050632911392,40,26,60.60606060606061,29,37,43.93939393939394,23,44,34.32835820895522,35,40,46.666666666666664,39,31,55.714285714285715,35,39,47.2972972972973,40,27,59.70149253731343
color t+0,>,color_goal,color t+26,<,color_goal,1331,1235,51.87061574434918,32,52,38.095238095238095,30,47,38.961038961038966,33,35,48.529411764705884,41,29,58.57142857142858,33,31,51.5625,33,36,47.82608695652174,53,26,67.08860759493672,45,30,60.0,36,38,48.64864864864865,38,35,52.054794520547944,51,27,65.38461538461539,43,39,52.4390243902439,33,41,44.5945945945946,40,30,57.14285714285714,36,27,57.14285714285714,29,41,41.42857142857143,34,37,47.88732394366197,44,17,72.1311475409836,24,45,34.78260869565217,48,28,63.1578947368421,31,47,39.743589743589745,46,40,53.48837209302325,46,21,68.65671641791045,39,41,48.75,41,29,58.57142857142858,48,33,59.25925925925925,39,30,56.52173913043478,31,52,37.34939759036144,46,28,62.16216216216216,37,34,52.112676056338024,26,40,39.39393939393939,31,46,40.25974025974026,38,34,52.77777777777778,32,40,44.44444444444444,44,29,60.273972602739725
speed t+0,==,speed t+4,color t+0,<,color_goal,69,65,51.49253731343284,2,1,66.66666666666666,2,1,66.66666666666666,4,4,50.0,3,1,75.0,1,0,100.0,3,2,60.0,1,4,20.0,2,0,100.0,4,1,80.0,1,0,100.0,0,0,0,0,2,0.0,5,6,45.45454545454545,0,1,0.0,1,0,100.0,1,1,50.0,0,2,0.0,1,1,50.0,4,3,57.14285714285714,0,1,0.0,1,2,33.33333333333333,2,5,28.57142857142857,3,0,100.0,4,2,66.66666666666666,3,3,50.0,0,0,0,5,1,83.33333333333334,3,5,37.5,3,3,50.0,5,4,55.55555555555556,1,2,33.33333333333333,1,3,25.0,2,2,50.0,1,2,33.33333333333333,0,0,0
color t+0,>,color_goal,color t+12,<,color_goal,1408,1336,51.31195335276968,47,46,50.53763440860215,43,38,53.086419753086425,46,28,62.16216216216216,31,42,42.465753424657535,33,37,47.14285714285714,45,31,59.210526315789465,38,47,44.70588235294118,39,40,49.36708860759494,37,42,46.835443037974684,34,42,44.73684210526316,42,42,50.0,34,51,40.0,43,37,53.75,36,39,48.0,35,33,51.470588235294116,38,38,50.0,39,38,50.649350649350644,43,24,64.17910447761194,43,33,56.57894736842105,34,47,41.9753086419753,48,35,57.831325301204814,43,48,47.25274725274725,48,22,68.57142857142857,34,48,41.46341463414634,34,42,44.73684210526316,33,51,39.285714285714285,42,33,56.00000000000001,47,43,52.22222222222223,41,35,53.94736842105263,42,34,55.26315789473685,44,28,61.111111111111114,41,42,49.39759036144578,33,44,42.857142857142854,53,26,67.08860759493672,45,30,60.0
color t+0,>,color_goal,color t+8,<,color_goal,1441,1391,50.882768361581924,42,52,44.680851063829785,25,60,29.411764705882355,39,37,51.31578947368421,42,35,54.54545454545454,33,38,46.478873239436616,34,45,43.037974683544306,60,29,67.41573033707866,43,40,51.80722891566265,47,35,57.3170731707317,41,39,51.24999999999999,52,35,59.77011494252874,42,45,48.275862068965516,41,40,50.617283950617285,47,31,60.256410256410255,34,37,47.88732394366197,41,37,52.56410256410257,39,41,48.75,37,32,53.62318840579711,32,48,40.0,50,35,58.82352941176471,34,52,39.53488372093023,55,40,57.89473684210527,47,26,64.38356164383562,40,46,46.51162790697674,44,32,57.89473684210527,44,43,50.57471264367817,44,33,57.14285714285714,38,53,41.75824175824176,48,31,60.75949367088608,37,41,47.43589743589743,31,41,43.05555555555556,37,46,44.57831325301205,43,36,54.43037974683544,33,46,41.77215189873418,45,34,56.9620253164557
color t+27,>,color_goal,color t+0,<,color_goal,1258,1217,50.82828282828283,32,53,37.64705882352941,25,49,33.78378378378378,34,34,50.0,47,24,66.19718309859155,36,31,53.73134328358209,37,38,49.333333333333336,52,25,67.53246753246754,42,32,56.75675675675676,40,32,55.55555555555556,31,38,44.927536231884055,40,32,55.55555555555556,35,37,48.61111111111111,34,37,47.88732394366197,41,28,59.42028985507246,33,29,53.2258064516129,35,38,47.94520547945205,37,36,50.68493150684932,37,23,61.66666666666667,31,41,43.05555555555556,43,27,61.42857142857143,31,44,41.333333333333336,41,42,49.39759036144578,33,24,57.89473684210527,34,38,47.22222222222222,40,23,63.49206349206349,38,33,53.52112676056338,34,33,50.74626865671642,32,47,40.50632911392405,42,23,64.61538461538461,27,39,40.909090909090914,22,44,33.33333333333333,35,40,46.666666666666664,38,32,54.285714285714285,32,42,43.24324324324324,37,29,56.060606060606055
color t+0,>=,color_goal,color t+14,<,color_goal,1685,1641,50.661455201443175,53,52,50.476190476190474,52,53,49.523809523809526,56,33,62.92134831460674,45,42,51.724137931034484,53,42,55.78947368421052,58,21,73.41772151898735,46,50,47.91666666666667,53,39,57.608695652173914,40,59,40.4040404040404,40,64,38.46153846153847,38,60,38.775510204081634,46,60,43.39622641509434,44,48,47.82608695652174,32,64,33.33333333333333,45,48,48.38709677419355,49,49,50.0,42,61,40.77669902912621,56,22,71.7948717948718,48,43,52.74725274725275,48,54,47.05882352941176,54,42,56.25,41,63,39.42307692307692,57,16,78.08219178082192,49,54,47.57281553398058,48,46,51.06382978723404,47,57,45.19230769230769,55,31,63.95348837209303,46,62,42.592592592592595,50,44,53.191489361702125,49,43,53.2608695652174,50,46,52.083333333333336,46,52,46.93877551020408,48,49,49.48453608247423,52,34,60.46511627906976,49,38,56.32183908045977
color t+0,>,color_goal,color t+14,<,color_goal,1373,1344,50.533676849466325,46,46,50.0,38,43,46.913580246913575,51,23,68.91891891891892,39,34,53.42465753424658,38,32,54.285714285714285,54,20,72.97297297297297,38,45,45.78313253012048,44,33,57.14285714285714,30,49,37.9746835443038,29,47,38.15789473684211,29,53,35.36585365853659,37,48,43.529411764705884,39,41,48.75,25,50,33.33333333333333,31,35,46.96969696969697,36,40,47.368421052631575,29,48,37.66233766233766,48,18,72.72727272727273,41,35,53.94736842105263,39,42,48.148148148148145,49,34,59.036144578313255,36,53,40.44943820224719,53,15,77.94117647058823,37,44,45.67901234567901,34,41,45.33333333333333,33,50,39.75903614457831,48,27,64.0,38,51,42.69662921348314,38,36,51.35135135135135,44,30,59.45945945945946,39,33,54.166666666666664,41,42,49.39759036144578,37,40,48.05194805194805,45,32,58.44155844155844,40,34,54.054054054054056
color t+0,>,color_goal,color t+22,<,color_goal,1319,1296,50.439770554493315,40,44,47.61904761904761,42,35,54.54545454545454,48,22,68.57142857142857,35,37,48.61111111111111,28,39,41.7910447761194,44,26,62.857142857142854,34,46,42.5,39,38,50.649350649350644,30,44,40.54054054054054,31,42,42.465753424657535,34,44,43.58974358974359,36,47,43.373493975903614,45,31,59.210526315789465,32,42,43.24324324324324,27,37,42.1875,31,41,43.05555555555556,27,45,37.5,41,23,64.0625,48,25,65.75342465753424,38,42,47.5,42,38,52.5,35,53,39.77272727272727,43,24,64.17910447761194,39,42,48.148148148148145,32,38,45.714285714285715,29,52,35.80246913580247,42,29,59.154929577464785,41,45,47.674418604651166,42,32,56.75675675675676,46,25,64.7887323943662,33,36,47.82608695652174,48,30,61.53846153846154,23,49,31.944444444444443,53,21,71.62162162162163,41,32,56.16438356164384
color t+25,>,color_goal,color t+0,>=,color t+10,1266,1252,50.27799841143765,42,43,49.411764705882355,33,43,43.42105263157895,41,29,58.57142857142858,38,33,53.52112676056338,41,28,59.42028985507246,49,26,65.33333333333333,37,42,46.835443037974684,35,40,46.666666666666664,33,41,44.5945945945946,32,39,45.07042253521127,26,48,35.13513513513514,38,36,51.35135135135135,33,38,46.478873239436616,28,41,40.57971014492754,34,29,53.96825396825397,44,31,58.666666666666664,30,43,41.0958904109589,31,30,50.81967213114754,39,34,53.42465753424658,31,41,43.05555555555556,42,35,54.54545454545454,39,46,45.88235294117647,32,27,54.23728813559322,38,36,51.35135135135135,32,31,50.79365079365079,34,39,46.57534246575342,35,34,50.72463768115942,44,35,55.69620253164557,32,35,47.76119402985074,33,34,49.25373134328358,43,25,63.23529411764706,40,35,53.333333333333336,36,34,51.42857142857142,38,36,51.35135135135135,33,35,48.529411764705884
color t+8,>,color_goal,color t+0,<,color_goal,1386,1389,49.945945945945944,38,57,40.0,29,56,34.11764705882353,32,41,43.83561643835616,48,29,62.33766233766234,34,40,45.94594594594595,35,48,42.168674698795186,53,31,63.095238095238095,40,41,49.382716049382715,46,37,55.42168674698795,43,36,54.43037974683544,48,32,60.0,37,45,45.1219512195122,44,36,55.00000000000001,42,34,55.26315789473685,30,40,42.857142857142854,45,37,54.87804878048781,35,45,43.75,31,35,46.96969696969697,28,51,35.44303797468354,50,30,62.5,33,54,37.93103448275862,47,44,51.64835164835166,43,26,62.31884057971014,40,39,50.63291139240506,43,27,61.42857142857143,42,38,52.5,41,32,56.16438356164384,40,48,45.45454545454545,44,32,57.89473684210527,34,43,44.15584415584416,34,41,45.33333333333333,43,39,52.4390243902439,40,40,50.0,33,49,40.243902439024396,41,36,53.246753246753244
color t+0,>,color_goal,color t+27,<,color_goal,1268,1280,49.76452119309262,32,52,38.095238095238095,32,44,42.10526315789473,35,32,52.23880597014925,42,27,60.86956521739131,34,29,53.96825396825397,29,39,42.64705882352941,49,29,62.82051282051282,38,36,51.35135135135135,36,37,49.31506849315068,32,41,43.83561643835616,47,31,60.256410256410255,39,42,48.148148148148145,33,41,44.5945945945946,37,32,53.62318840579711,33,29,53.2258064516129,30,39,43.47826086956522,30,41,42.25352112676056,35,25,58.333333333333336,24,45,34.78260869565217,45,31,59.210526315789465,28,49,36.36363636363637,46,39,54.11764705882353,45,22,67.16417910447761,41,39,51.24999999999999,44,26,62.857142857142854,44,37,54.32098765432099,34,35,49.275362318840585,30,53,36.144578313253014,42,31,57.534246575342465,34,37,47.88732394366197,27,39,40.909090909090914,31,45,40.78947368421053,38,34,52.77777777777778,28,44,38.88888888888889,44,28,61.111111111111114
color t+22,>,color_goal,color t+0,<,color_goal,1275,1294,49.630206305955625,45,43,51.13636363636363,41,35,53.94736842105263,47,23,67.14285714285714,35,36,49.29577464788733,34,36,48.57142857142857,46,30,60.526315789473685,35,44,44.303797468354425,35,40,46.666666666666664,37,40,48.05194805194805,30,43,41.0958904109589,30,46,39.473684210526315,30,46,39.473684210526315,41,31,56.94444444444444,26,44,37.142857142857146,33,31,51.5625,38,40,48.717948717948715,29,46,38.666666666666664,38,23,62.295081967213115,45,29,60.810810810810814,33,41,44.5945945945946,41,39,51.24999999999999,36,50,41.86046511627907,38,23,62.295081967213115,30,45,40.0,29,37,43.93939393939394,25,49,33.78378378378378,36,33,52.17391304347826,37,43,46.25,34,35,49.275362318840585,44,26,62.857142857142854,30,39,43.47826086956522,51,27,65.38461538461539,27,44,38.028169014084504,54,23,70.12987012987013,35,34,50.72463768115942
color t+28,>,color_goal,color t+0,<,color_goal,1218,1239,49.572649572649574,38,47,44.70588235294118,27,46,36.986301369863014,31,36,46.26865671641791,41,29,58.57142857142858,34,33,50.74626865671642,40,35,53.333333333333336,46,30,60.526315789473685,37,36,50.68493150684932,41,31,56.94444444444444,28,40,41.17647058823529,34,38,47.22222222222222,27,45,37.5,37,33,52.85714285714286,38,31,55.072463768115945,31,31,50.0,31,41,43.05555555555556,34,39,46.57534246575342,35,24,59.32203389830508,35,37,48.61111111111111,38,32,54.285714285714285,32,43,42.66666666666667,41,41,50.0,34,23,59.64912280701754,35,36,49.29577464788733,41,22,65.07936507936508,34,36,48.57142857142857,33,33,50.0,33,46,41.77215189873418,38,26,59.375,31,35,46.96969696969697,24,41,36.92307692307693,36,39,48.0,33,36,47.82608695652174,34,39,46.57534246575342,36,29,55.38461538461539
color t+0,>,color_goal,angle t+14,<,angle t+11,1335,1382,49.135075450864925,42,50,45.65217391304348,33,48,40.74074074074074,36,38,48.64864864864865,47,26,64.38356164383562,37,33,52.85714285714286,48,26,64.86486486486487,44,39,53.01204819277109,46,31,59.74025974025974,30,49,37.9746835443038,34,42,44.73684210526316,32,50,39.02439024390244,42,43,49.411764705882355,34,46,42.5,30,45,40.0,33,33,50.0,33,43,43.42105263157895,28,49,36.36363636363637,39,27,59.09090909090909,34,42,44.73684210526316,43,38,53.086419753086425,42,41,50.602409638554214,35,54,39.325842696629216,40,28,58.82352941176471,44,37,54.32098765432099,36,39,48.0,42,41,50.602409638554214,45,30,60.0,43,46,48.31460674157304,37,37,50.0,44,30,59.45945945945946,33,39,45.83333333333333,36,47,43.373493975903614,42,35,54.54545454545454,35,42,45.45454545454545,36,38,48.64864864864865
color t+15,>,color_goal,color t+0,<,color_goal,1321,1369,49.10780669144981,40,49,44.9438202247191,37,42,46.835443037974684,44,29,60.273972602739725,44,32,57.89473684210527,39,34,53.42465753424658,53,26,67.08860759493672,39,45,46.42857142857143,47,32,59.49367088607595,31,49,38.75,30,45,40.0,28,52,35.0,37,44,45.67901234567901,35,40,46.666666666666664,23,53,30.263157894736842,38,30,55.88235294117647,37,41,47.43589743589743,32,46,41.02564102564102,43,22,66.15384615384615,37,42,46.835443037974684,41,36,53.246753246753244,44,39,53.01204819277109,31,59,34.44444444444444,41,22,65.07936507936508,38,41,48.10126582278481,37,33,52.85714285714286,39,40,49.36708860759494,42,31,57.534246575342465,33,54,37.93103448275862,35,37,48.61111111111111,35,38,47.94520547945205,36,37,49.31506849315068,38,42,47.5,38,35,52.054794520547944,39,40,49.36708860759494,40,32,55.55555555555556
color t+11,>,color_goal,color t+0,<,color_goal,1335,1398,48.847420417124034,48,44,52.17391304347826,35,47,42.68292682926829,36,37,49.31506849315068,32,44,42.10526315789473,28,45,38.35616438356164,37,43,46.25,39,45,46.42857142857143,34,45,43.037974683544306,43,37,53.75,31,45,40.78947368421053,40,40,50.0,33,49,40.243902439024396,40,37,51.94805194805194,46,30,60.526315789473685,30,39,43.47826086956522,40,39,50.63291139240506,39,41,48.75,37,28,56.92307692307692,42,37,53.16455696202531,36,44,45.0,37,48,43.529411764705884,45,46,49.45054945054945,38,28,57.57575757575758,38,41,48.10126582278481,31,39,44.285714285714285,29,51,36.25,39,34,53.42465753424658,41,47,46.590909090909086,43,30,58.9041095890411,42,35,54.54545454545454,42,31,57.534246575342465,43,39,52.4390243902439,37,40,48.05194805194805,44,37,54.32098765432099,40,36,52.63157894736842
color t+29,>,color_goal,color t+0,<,color_goal,1184,1262,48.40556009811937,42,42,50.0,31,41,43.05555555555556,33,34,49.25373134328358,33,36,47.82608695652174,29,38,43.28358208955223,43,31,58.108108108108105,38,37,50.66666666666667,33,39,45.83333333333333,36,36,50.0,26,42,38.23529411764706,31,41,43.05555555555556,21,51,29.166666666666668,40,29,57.971014492753625,37,32,53.62318840579711,27,35,43.54838709677419,32,40,44.44444444444444,31,42,42.465753424657535,31,27,53.44827586206896,41,31,56.94444444444444,36,34,51.42857142857142,36,39,48.0,41,41,50.0,35,22,61.40350877192983,32,39,45.07042253521127,38,25,60.317460317460316,26,43,37.68115942028986,34,31,52.307692307692314,36,43,45.56962025316456,32,32,50.0,35,31,53.03030303030303,32,33,49.23076923076923,34,41,45.33333333333333,31,37,45.588235294117645,34,39,46.57534246575342,37,28,56.92307692307692
color t+0,>,color_goal,color t+11,<,color_goal,1333,1430,48.24466159971046,44,50,46.808510638297875,40,42,48.78048780487805,35,39,47.2972972972973,34,40,45.94594594594595,24,46,34.285714285714285,32,45,41.55844155844156,37,49,43.02325581395349,36,44,45.0,43,36,54.43037974683544,37,40,48.05194805194805,45,40,52.94117647058824,33,52,38.82352941176471,43,37,53.75,39,36,52.0,34,35,49.275362318840585,39,37,51.31578947368421,39,38,50.649350649350644,35,32,52.23880597014925,36,41,46.75324675324675,36,46,43.90243902439025,37,47,44.047619047619044,45,47,48.91304347826087,41,30,57.74647887323944,39,44,46.98795180722892,41,35,53.94736842105263,35,50,41.17647058823529,39,36,52.0,40,50,44.44444444444444,40,37,51.94805194805194,38,39,49.35064935064935,39,33,54.166666666666664,41,42,49.39759036144578,34,43,44.15584415584416,40,39,50.63291139240506,43,33,56.57894736842105
color t+0,>,color_goal,color t+28,<,color_goal,1214,1320,47.90844514601421,34,50,40.476190476190474,35,41,46.05263157894737,32,34,48.484848484848484,38,30,55.88235294117647,31,32,49.2063492063492,29,38,43.28358208955223,44,34,56.41025641025641,34,40,45.94594594594595,37,36,50.68493150684932,30,43,41.0958904109589,41,37,52.56410256410257,36,44,45.0,39,35,52.702702702702695,31,37,45.588235294117645,27,35,43.54838709677419,28,41,40.57971014492754,28,43,39.436619718309856,31,29,51.66666666666667,28,41,40.57971014492754,37,39,48.68421052631579,32,44,42.10526315789473,41,44,48.23529411764706,44,23,65.67164179104478,38,41,48.10126582278481,44,25,63.76811594202898,40,41,49.382716049382715,34,34,50.0,30,53,36.144578313253014,37,35,51.388888888888886,34,36,48.57142857142857,27,38,41.53846153846154,32,43,42.66666666666667,38,34,52.77777777777778,30,42,41.66666666666667,43,28,60.56338028169014
color t+0,!=,color_goal,color t+1,<,color_goal,2888,3178,47.609627431585885,75,104,41.899441340782126,74,96,43.529411764705884,94,82,53.40909090909091,88,88,50.0,77,87,46.95121951219512,99,87,53.2258064516129,90,93,49.18032786885246,87,91,48.87640449438202,77,95,44.76744186046512,73,92,44.24242424242424,81,95,46.02272727272727,70,97,41.91616766467065,87,89,49.43181818181818,79,87,47.59036144578313,81,82,49.693251533742334,78,92,45.88235294117647,71,94,43.03030303030303,103,76,57.54189944134078,82,92,47.12643678160919,87,94,48.06629834254144,80,95,45.714285714285715,77,100,43.50282485875706,109,77,58.602150537634415,79,90,46.74556213017752,80,88,47.61904761904761,66,102,39.285714285714285,94,85,52.513966480446925,64,104,38.095238095238095,85,88,49.13294797687861,87,88,49.714285714285715,77,87,46.95121951219512,80,95,45.714285714285715,73,93,43.97590361445783,94,86,52.22222222222223,90,87,50.847457627118644
color t+0,>,color_goal,color t+29,<,color_goal,1188,1327,47.236580516898606,36,48,42.857142857142854,38,38,50.0,35,30,53.84615384615385,35,32,52.23880597014925,28,35,44.44444444444444,34,32,51.515151515151516,41,37,52.56410256410257,33,41,44.5945945945946,33,39,45.83333333333333,31,42,42.465753424657535,35,43,44.871794871794876,29,50,36.708860759493675,45,29,60.810810810810814,29,38,43.28358208955223,24,38,38.70967741935484,32,37,46.3768115942029,28,42,40.0,29,31,48.333333333333336,37,32,53.62318840579711,33,43,43.42105263157895,33,42,44.0,39,45,46.42857142857143,41,25,62.121212121212125,34,44,43.58974358974359,41,28,59.42028985507246,34,46,42.5,35,32,52.23880597014925,32,50,39.02439024390244,33,38,46.478873239436616,35,34,50.72463768115942,28,36,43.75,33,42,44.0,34,37,47.88732394366197,31,41,43.05555555555556,40,30,57.14285714285714
color t+0,!=,color_goal,color t+18,<,color_goal,2618,2929,47.19668289165315,71,94,43.03030303030303,64,90,41.55844155844156,84,76,52.5,79,81,49.375,68,81,45.63758389261745,89,80,52.662721893491124,81,85,48.795180722891565,77,85,47.53086419753087,67,90,42.675159235668794,61,90,40.397350993377486,76,84,47.5,61,93,39.61038961038961,80,85,48.484848484848484,68,87,43.87096774193549,70,80,46.666666666666664,63,91,40.909090909090914,66,82,44.5945945945946,96,66,59.25925925925925,77,81,48.734177215189874,81,88,47.928994082840234,74,86,46.25,67,94,41.61490683229814,105,65,61.76470588235294,68,85,44.44444444444444,76,79,49.03225806451613,67,88,43.225806451612904,84,78,51.85185185185185,60,97,38.21656050955414,76,82,48.10126582278481,81,79,50.625,67,82,44.966442953020135,74,89,45.39877300613497,66,85,43.70860927152318,85,78,52.14723926380368,89,73,54.93827160493827
color t+0,>,color_goal,color t+15,<,color_goal,1276,1428,47.18934911242604,37,54,40.65934065934066,33,48,40.74074074074074,42,31,57.534246575342465,42,31,57.534246575342465,35,35,50.0,49,25,66.21621621621621,38,45,45.78313253012048,41,36,53.246753246753244,30,49,37.9746835443038,27,49,35.526315789473685,30,51,37.03703703703704,41,44,48.23529411764706,36,44,45.0,23,52,30.666666666666664,27,39,40.909090909090914,31,45,40.78947368421053,31,45,40.78947368421053,44,21,67.6923076923077,34,42,44.73684210526316,39,41,48.75,40,43,48.19277108433735,34,54,38.63636363636363,46,21,68.65671641791045,37,44,45.67901234567901,38,36,51.35135135135135,37,46,44.57831325301205,41,33,55.4054054054054,31,58,34.831460674157306,32,42,43.24324324324324,39,35,52.702702702702695,32,40,44.44444444444444,38,44,46.34146341463415,43,33,56.57894736842105,39,37,51.31578947368421,39,35,52.702702702702695
color t+0,!=,color_goal,color t+19,<,color_goal,2597,2917,47.09829524845847,70,94,42.68292682926829,66,87,43.13725490196079,84,75,52.83018867924528,78,81,49.056603773584904,69,80,46.308724832214764,86,82,51.19047619047619,81,84,49.09090909090909,80,81,49.68944099378882,67,89,42.94871794871795,59,91,39.33333333333333,77,82,48.42767295597484,62,91,40.52287581699346,80,84,48.78048780487805,70,84,45.45454545454545,71,78,47.651006711409394,64,89,41.830065359477125,61,86,41.49659863945578,93,68,57.7639751552795,77,80,49.044585987261144,82,86,48.80952380952381,70,89,44.0251572327044,67,93,41.875,102,67,60.35502958579882,68,84,44.73684210526316,74,80,48.05194805194805,67,87,43.506493506493506,84,77,52.17391304347826,61,95,39.1025641025641,76,81,48.40764331210191,79,80,49.685534591194966,64,84,43.24324324324324,72,91,44.171779141104295,64,86,42.66666666666667,85,77,52.46913580246913,87,74,54.037267080745345
color t+0,<=,color_goal,color t+21,<,color_goal,1594,1808,46.85479129923574,36,54,40.0,32,65,32.98969072164948,46,56,45.09803921568628,56,42,57.14285714285714,47,56,45.63106796116505,51,49,51.0,55,40,57.89473684210527,49,47,51.041666666666664,41,58,41.41414141414141,38,63,37.62376237623762,52,43,54.736842105263165,43,45,48.86363636363637,40,57,41.23711340206185,42,54,43.75,49,61,44.54545454545455,40,60,40.0,42,57,42.42424242424242,64,43,59.813084112149525,37,60,38.144329896907216,55,50,52.38095238095239,37,52,41.57303370786517,39,45,46.42857142857143,70,35,66.66666666666666,38,52,42.22222222222222,51,49,51.0,48,43,52.74725274725275,47,51,47.95918367346938,32,53,37.64705882352941,51,49,51.0,46,57,44.66019417475729,42,57,42.42424242424242,34,62,35.41666666666667,52,43,54.736842105263165,39,55,41.48936170212766,53,45,54.08163265306123
color t+9,>,color_goal,color t+0,<,color_goal,1289,1469,46.73676577229877,38,56,40.42553191489361,25,59,29.761904761904763,27,46,36.986301369863014,40,36,52.63157894736842,32,41,43.83561643835616,29,53,35.36585365853659,46,38,54.761904761904766,37,43,46.25,43,39,52.4390243902439,39,39,50.0,42,38,52.5,32,50,39.02439024390244,41,38,51.89873417721519,45,31,59.210526315789465,33,37,47.14285714285714,43,38,53.086419753086425,38,42,47.5,30,35,46.15384615384615,27,52,34.177215189873415,45,35,56.25,30,56,34.883720930232556,49,42,53.84615384615385,37,31,54.41176470588235,36,43,45.56962025316456,36,34,51.42857142857142,35,45,43.75,42,31,57.534246575342465,38,50,43.18181818181818,44,31,58.666666666666664,34,43,44.15584415584416,32,42,43.24324324324324,40,42,48.78048780487805,38,41,48.10126582278481,28,53,34.5679012345679,38,39,49.35064935064935
color t+0,!=,color_goal,color t+24,<,color_goal,2500,2856,46.676624346527255,68,92,42.5,62,86,41.891891891891895,80,74,51.94805194805194,75,80,48.38709677419355,63,81,43.75,86,77,52.760736196319016,75,85,46.875,72,85,45.85987261146497,68,84,44.73684210526316,58,87,40.0,69,85,44.8051948051948,63,86,42.281879194630875,78,81,49.056603773584904,66,83,44.29530201342282,67,78,46.206896551724135,57,92,38.25503355704698,57,86,39.86013986013986,92,64,58.97435897435898,76,76,50.0,79,84,48.466257668711656,70,85,45.16129032258064,62,93,40.0,102,62,62.19512195121951,62,85,42.17687074829932,75,75,50.0,64,87,42.384105960264904,81,75,51.92307692307693,60,91,39.735099337748345,74,79,48.36601307189542,73,81,47.4025974025974,65,78,45.45454545454545,72,88,45.0,64,81,44.13793103448276,84,75,52.83018867924528,81,75,51.92307692307693
color t+10,>,color_goal,color t+0,<,color_goal,1273,1472,46.3752276867031,43,50,46.236559139784944,29,54,34.93975903614458,25,48,34.24657534246575,34,42,44.73684210526316,29,44,39.726027397260275,31,50,38.2716049382716,41,43,48.80952380952381,31,48,39.24050632911392,43,38,53.086419753086425,35,42,45.45454545454545,42,38,52.5,30,52,36.58536585365854,39,39,50.0,47,29,61.8421052631579,32,38,45.714285714285715,39,41,48.75,39,41,48.75,31,34,47.69230769230769,33,46,41.77215189873418,41,39,51.24999999999999,32,53,37.64705882352941,45,46,49.45054945054945,34,33,50.74626865671642,37,42,46.835443037974684,34,36,48.57142857142857,29,51,36.25,40,33,54.794520547945204,39,49,44.31818181818182,43,31,58.108108108108105,38,39,49.35064935064935,37,36,50.68493150684932,42,40,51.21951219512195,38,40,48.717948717948715,33,48,40.74074074074074,38,39,49.35064935064935
color t+0,!=,color_goal,color t+12,<,color_goal,2657,3075,46.35380321004885,68,102,40.0,65,94,40.88050314465409,85,81,51.204819277108435,83,83,50.0,69,85,44.8051948051948,92,83,52.57142857142857,81,91,47.093023255813954,82,85,49.101796407185624,73,90,44.785276073619634,68,88,43.58974358974359,75,91,45.18072289156627,64,94,40.50632911392405,84,86,49.411764705882355,68,91,42.76729559748428,67,89,42.94871794871795,69,91,43.125,65,89,42.2077922077922,96,72,57.14285714285714,75,89,45.73170731707317,76,97,43.93063583815029,75,90,45.45454545454545,68,98,40.963855421686745,107,69,60.79545454545454,65,93,41.139240506329116,80,80,50.0,71,89,44.375,89,79,52.976190476190474,61,100,37.88819875776397,75,88,46.012269938650306,77,88,46.666666666666664,69,85,44.8051948051948,75,93,44.642857142857146,71,86,45.22292993630573,84,85,49.70414201183432,85,81,51.204819277108435
speed t+16,>=,speed t+9,color t+0,<,color_goal,914,1066,46.16161616161616,28,31,47.45762711864407,31,32,49.2063492063492,28,26,51.85185185185185,27,19,58.69565217391305,30,37,44.776119402985074,30,26,53.57142857142857,29,29,50.0,22,33,40.0,23,31,42.592592592592595,31,33,48.4375,30,31,49.18032786885246,18,29,38.297872340425535,30,33,47.61904761904761,22,35,38.59649122807017,27,43,38.57142857142858,31,39,44.285714285714285,29,39,42.64705882352941,34,20,62.96296296296296,33,23,58.92857142857143,19,31,38.0,28,26,51.85185185185185,22,32,40.74074074074074,36,20,64.28571428571429,27,31,46.55172413793103,25,30,45.45454545454545,13,32,28.888888888888886,25,30,45.45454545454545,24,40,37.5,20,30,40.0,24,31,43.63636363636363,23,34,40.35087719298245,27,30,47.368421052631575,22,26,45.83333333333333,23,28,45.09803921568628,23,26,46.93877551020408
color t+0,>,color_goal,color t+21,<,color_goal,1211,1419,46.045627376425855,35,50,41.17647058823529,42,35,54.54545454545454,43,27,61.42857142857143,29,44,39.726027397260275,28,39,41.7910447761194,38,33,53.52112676056338,28,53,34.5679012345679,34,43,44.15584415584416,33,42,44.0,33,41,44.5945945945946,29,49,37.17948717948718,28,55,33.734939759036145,44,32,57.89473684210527,33,42,44.0,30,34,46.875,32,41,43.83561643835616,30,42,41.66666666666667,36,28,56.25,45,28,61.64383561643836,32,48,40.0,38,43,46.913580246913575,32,56,36.36363636363637,35,32,52.23880597014925,36,45,44.44444444444444,31,39,44.285714285714285,26,55,32.098765432098766,43,29,59.72222222222222,35,52,40.229885057471265,32,42,43.24324324324324,38,33,53.52112676056338,34,36,48.57142857142857,43,36,54.43037974683544,22,51,30.136986301369863,47,28,62.66666666666667,37,36,50.68493150684932
color t+0,>,color_goal,color t+9,<,color_goal,1290,1520,45.90747330960854,39,55,41.48936170212766,27,57,32.142857142857146,33,42,44.0,41,35,53.94736842105263,29,41,41.42857142857143,25,54,31.645569620253166,50,38,56.81818181818182,37,45,45.1219512195122,43,38,53.086419753086425,36,43,45.56962025316456,49,38,56.32183908045977,34,52,39.53488372093023,40,40,50.0,48,29,62.33766233766234,30,40,42.857142857142854,37,40,48.05194805194805,35,44,44.303797468354425,31,37,45.588235294117645,27,52,34.177215189873415,40,44,47.61904761904761,27,58,31.76470588235294,51,43,54.25531914893617,41,32,56.16438356164384,41,44,48.23529411764706,40,36,52.63157894736842,38,49,43.67816091954023,44,33,57.14285714285714,33,57,36.666666666666664,43,36,54.43037974683544,35,43,44.871794871794876,29,43,40.27777777777778,34,49,40.963855421686745,39,40,49.36708860759494,25,54,31.645569620253166,39,39,50.0
color t+0,<=,color_goal,color t+15,<,color_goal,1624,1914,45.90163934426229,39,51,43.333333333333336,44,55,44.44444444444444,50,55,47.61904761904761,44,60,42.30769230769231,43,63,40.56603773584906,44,59,42.71844660194174,46,53,46.464646464646464,44,58,43.13725490196079,48,53,47.524752475247524,49,56,46.666666666666664,52,46,53.06122448979592,31,61,33.69565217391305,51,48,51.515151515151516,53,49,51.9607843137255,54,60,47.368421052631575,47,56,45.63106796116505,44,57,43.56435643564357,58,54,51.78571428571429,48,52,48.0,51,60,45.94594594594595,38,55,40.86021505376344,39,51,43.333333333333336,63,48,56.75675675675676,39,57,40.625,47,55,46.07843137254902,38,57,40.0,51,51,50.0,36,53,40.44943820224719,54,52,50.943396226415096,49,57,46.22641509433962,46,57,44.66019417475729,43,56,43.43434343434344,36,62,36.734693877551024,51,48,51.515151515151516,54,49,52.42718446601942
color t+0,<=,color_goal,color t+11,<,color_goal,1660,1959,45.86902459242885,33,58,36.26373626373626,38,64,37.254901960784316,61,47,56.481481481481474,56,51,52.336448598130836,57,53,51.81818181818182,64,40,61.53846153846154,51,49,51.0,53,50,51.45631067961165,39,66,37.142857142857146,42,66,38.88888888888889,40,58,40.816326530612244,42,54,43.75,46,57,44.66019417475729,41,65,38.67924528301887,50,65,43.47826086956522,42,65,39.25233644859813,37,67,35.57692307692308,71,43,62.28070175438597,50,53,48.54368932038835,55,58,48.67256637168141,43,53,44.79166666666667,31,59,34.44444444444444,69,42,62.16216216216216,40,58,40.816326530612244,48,56,46.15384615384615,43,54,44.329896907216494,57,48,54.285714285714285,30,62,32.608695652173914,49,58,45.794392523364486,50,57,46.728971962616825,43,64,40.18691588785047,42,60,41.17647058823529,45,56,44.554455445544555,52,48,52.0,50,55,47.61904761904761
speed t+17,>=,speed t+0,color t+0,<,color_goal,716,864,45.31645569620253,18,32,36.0,23,28,45.09803921568628,22,23,48.888888888888886,21,19,52.5,23,27,46.0,29,22,56.86274509803921,17,26,39.53488372093023,22,20,52.38095238095239,17,25,40.476190476190474,24,29,45.28301886792453,23,25,47.91666666666667,11,25,30.555555555555557,26,21,55.319148936170215,20,25,44.44444444444444,19,33,36.53846153846153,20,34,37.03703703703704,21,33,38.88888888888889,24,14,63.1578947368421,21,24,46.666666666666664,17,24,41.46341463414634,18,28,39.130434782608695,15,32,31.914893617021278,33,15,68.75,22,27,44.89795918367347,14,22,38.88888888888889,14,20,41.17647058823529,27,20,57.446808510638306,18,30,37.5,20,25,44.44444444444444,17,27,38.63636363636363,21,25,45.65217391304348,20,20,50.0,14,22,38.88888888888889,27,20,57.446808510638306,18,22,45.0
color t+0,>,color_goal,color t+10,<,color_goal,1255,1530,45.062836624775585,40,54,42.5531914893617,34,49,40.963855421686745,26,48,35.13513513513514,39,36,52.0,24,46,34.285714285714285,25,53,32.05128205128205,39,48,44.827586206896555,35,46,43.20987654320987,45,35,56.25,36,42,46.15384615384615,48,38,55.81395348837209,29,56,34.11764705882353,41,39,51.24999999999999,44,32,57.89473684210527,32,38,45.714285714285715,38,38,50.0,37,41,47.43589743589743,28,39,41.7910447761194,31,47,39.743589743589745,36,47,43.373493975903614,28,56,33.33333333333333,45,48,48.38709677419355,36,36,50.0,42,42,50.0,43,33,56.57894736842105,36,50,41.86046511627907,40,36,52.63157894736842,33,57,36.666666666666664,39,39,50.0,36,42,46.15384615384615,32,40,44.44444444444444,38,45,45.78313253012048,34,44,43.58974358974359,29,50,36.708860759493675,37,40,48.05194805194805
color t+21,>,color_goal,color t+0,<,color_goal,1156,1425,44.788841534289034,40,49,44.9438202247191,40,37,51.94805194805194,43,27,61.42857142857143,30,41,42.25352112676056,31,39,44.285714285714285,43,34,55.84415584415584,26,53,32.91139240506329,31,44,41.333333333333336,34,44,43.58974358974359,30,44,40.54054054054054,27,49,35.526315789473685,24,52,31.57894736842105,41,32,56.16438356164384,22,49,30.985915492957744,32,32,50.0,36,42,46.15384615384615,32,43,42.66666666666667,33,28,54.09836065573771,45,29,60.810810810810814,23,51,31.08108108108108,36,44,45.0,31,55,36.04651162790697,32,29,52.459016393442624,25,50,33.33333333333333,28,39,41.7910447761194,21,53,28.37837837837838,38,31,55.072463768115945,31,50,38.2716049382716,25,44,36.231884057971016,41,30,57.74647887323944,32,37,46.3768115942029,49,30,62.0253164556962,26,46,36.11111111111111,49,28,63.63636363636363,29,40,42.028985507246375
color t+0,==,color_goal,color t+23,<,color_goal,255,318,44.50261780104712,3,9,25.0,11,12,47.82608695652174,10,5,66.66666666666666,8,5,61.53846153846154,14,9,60.86956521739131,2,3,40.0,7,6,53.84615384615385,5,8,38.46153846153847,10,9,52.63157894736842,13,14,48.148148148148145,7,9,43.75,8,11,42.10526315789473,4,7,36.36363636363637,8,11,42.10526315789473,9,17,34.61538461538461,14,7,66.66666666666666,10,15,40.0,6,6,50.0,4,11,26.666666666666668,8,11,42.10526315789473,4,8,33.33333333333333,8,6,57.14285714285714,3,2,60.0,7,14,33.33333333333333,10,8,55.55555555555556,5,13,27.77777777777778,2,9,18.181818181818183,7,11,38.88888888888889,5,13,27.77777777777778,8,9,47.05882352941176,11,12,47.82608695652174,6,7,46.15384615384615,9,11,45.0,4,3,57.14285714285714,5,7,41.66666666666667
color t+0,!=,color_goal,color t+1,>,color_goal,2610,3456,43.02670623145401,91,88,50.83798882681564,79,91,46.470588235294116,69,107,39.20454545454545,74,102,42.04545454545455,63,101,38.41463414634146,82,104,44.086021505376344,81,102,44.26229508196721,76,102,42.69662921348314,74,98,43.02325581395349,67,98,40.60606060606061,78,98,44.31818181818182,78,89,46.706586826347305,76,100,43.18181818181818,71,95,42.77108433734939,57,106,34.96932515337423,77,93,45.294117647058826,72,93,43.63636363636363,67,112,37.43016759776536,77,97,44.252873563218394,75,106,41.43646408839779,81,94,46.285714285714285,86,91,48.58757062146893,71,115,38.17204301075269,71,98,42.01183431952663,67,101,39.88095238095239,79,89,47.023809523809526,74,105,41.340782122905026,82,86,48.80952380952381,68,105,39.30635838150289,74,101,42.285714285714285,66,98,40.243902439024396,78,97,44.57142857142857,74,92,44.57831325301205,81,99,45.0,74,103,41.80790960451977
color t+16,>,color_goal,color t+0,<,color_goal,1137,1534,42.56832646948708,32,57,35.95505617977528,28,51,35.44303797468354,35,37,48.61111111111111,43,33,56.57894736842105,33,39,45.83333333333333,44,35,55.69620253164557,38,45,45.78313253012048,45,34,56.9620253164557,28,52,35.0,25,50,33.33333333333333,26,53,32.91139240506329,33,47,41.25,32,43,42.66666666666667,23,53,30.263157894736842,29,38,43.28358208955223,27,51,34.61538461538461,27,50,35.064935064935064,35,30,53.84615384615385,34,45,43.037974683544306,37,39,48.68421052631579,34,48,41.46341463414634,31,58,34.831460674157306,35,27,56.451612903225815,36,42,46.15384615384615,35,35,50.0,35,43,44.871794871794876,31,42,42.465753424657535,27,59,31.3953488372093,28,43,39.436619718309856,23,49,31.944444444444443,32,41,43.83561643835616,28,51,35.44303797468354,36,37,49.31506849315068,35,43,44.871794871794876,37,34,52.112676056338024
color t+0,>,color_goal,color t+16,<,color_goal,1122,1568,41.71003717472119,29,61,32.22222222222222,26,55,32.098765432098766,31,41,43.05555555555556,42,31,57.534246575342465,29,40,42.028985507246375,41,33,55.4054054054054,34,49,40.963855421686745,36,41,46.75324675324675,25,54,31.645569620253166,26,50,34.21052631578947,31,50,38.2716049382716,40,44,47.61904761904761,32,48,40.0,23,52,30.666666666666664,24,42,36.36363636363637,25,50,33.33333333333333,31,44,41.333333333333336,35,29,54.6875,31,44,41.333333333333336,33,47,41.25,31,51,37.80487804878049,30,58,34.090909090909086,40,27,59.70149253731343,34,47,41.9753086419753,38,35,52.054794520547944,39,44,46.98795180722892,30,43,41.0958904109589,24,65,26.96629213483146,29,45,39.189189189189186,31,43,41.891891891891895,30,42,41.66666666666667,29,52,35.80246913580247,40,35,53.333333333333336,35,40,46.666666666666664,38,36,51.35135135135135
color t+0,<=,color_goal,color t+7,<,color_goal,1490,2184,40.55525313010343,30,65,31.57894736842105,46,57,44.66019417475729,56,53,51.37614678899083,46,61,42.99065420560748,49,63,43.75,53,53,50.0,29,71,28.999999999999996,42,61,40.77669902912621,34,72,32.075471698113205,39,70,35.77981651376147,34,66,34.0,28,69,28.865979381443296,42,64,39.62264150943396,39,67,36.79245283018868,60,57,51.28205128205128,40,68,37.03703703703704,41,63,39.42307692307692,61,54,53.04347826086957,50,53,48.54368932038835,40,74,35.08771929824561,42,55,43.29896907216495,24,66,26.666666666666668,56,57,49.557522123893804,38,60,38.775510204081634,45,63,41.66666666666667,30,69,30.303030303030305,54,53,50.467289719626166,31,63,32.97872340425532,40,69,36.69724770642202,49,61,44.54545454545455,49,62,44.14414414414414,44,62,41.509433962264154,33,70,32.038834951456316,52,52,50.0,44,61,41.904761904761905
color t+0,>,color_goal,color t+2,<,color_goal,1179,1729,40.54332874828061,29,69,29.591836734693878,32,54,37.2093023255814,44,33,57.14285714285714,34,46,42.5,34,43,44.15584415584416,37,45,45.1219512195122,32,58,35.55555555555556,36,49,42.35294117647059,32,53,37.64705882352941,37,46,44.57831325301205,32,55,36.7816091954023,33,56,37.07865168539326,30,51,37.03703703703704,30,52,36.58536585365854,37,35,51.388888888888886,35,49,41.66666666666667,35,48,42.168674698795186,33,38,46.478873239436616,38,44,46.34146341463415,29,57,33.72093023255814,39,51,43.333333333333336,31,66,31.958762886597935,29,44,39.726027397260275,32,55,36.7816091954023,28,48,36.84210526315789,29,59,32.95454545454545,43,37,53.75,33,61,35.1063829787234,28,51,35.44303797468354,28,50,35.8974358974359,33,44,42.857142857142854,37,49,43.02325581395349,31,50,38.2716049382716,44,38,53.65853658536586,35,45,43.75
color t+0,>,color_goal,color t+20,<,color_goal,1053,1589,39.856169568508705,28,58,32.55813953488372,34,44,43.58974358974359,33,37,47.14285714285714,25,48,34.24657534246575,31,36,46.26865671641791,29,43,40.27777777777778,26,56,31.70731707317073,31,46,40.25974025974026,33,43,43.42105263157895,33,42,44.0,28,51,35.44303797468354,24,59,28.915662650602407,38,38,50.0,29,46,38.666666666666664,32,33,49.23076923076923,30,43,41.0958904109589,28,44,38.88888888888889,28,36,43.75,36,37,49.31506849315068,30,50,37.5,35,46,43.20987654320987,25,63,28.40909090909091,26,41,38.80597014925373,26,55,32.098765432098766,29,41,41.42857142857143,26,55,32.098765432098766,42,31,57.534246575342465,29,59,32.95454545454545,24,50,32.432432432432435,28,43,39.436619718309856,28,43,39.436619718309856,38,41,48.10126582278481,22,52,29.72972972972973,36,39,48.0,33,40,45.20547945205479
angle t+16,<=,angle t+1,color t+0,<,color_goal,1249,1905,39.6005072923272,31,66,31.958762886597935,39,60,39.39393939393939,48,55,46.601941747572816,28,52,35.0,32,49,39.50617283950617,39,46,45.88235294117647,30,58,34.090909090909086,29,52,35.80246913580247,29,57,33.72093023255814,39,54,41.935483870967744,31,60,34.065934065934066,23,64,26.436781609195403,39,54,41.935483870967744,27,58,31.76470588235294,42,48,46.666666666666664,41,49,45.55555555555556,37,60,38.144329896907216,43,44,49.42528735632184,37,52,41.57303370786517,36,59,37.89473684210527,37,57,39.361702127659576,35,58,37.634408602150536,40,42,48.78048780487805,31,64,32.631578947368425,29,59,32.95454545454545,32,60,34.78260869565217,47,39,54.65116279069767,28,65,30.107526881720432,32,50,39.02439024390244,43,51,45.744680851063826,37,54,40.65934065934066,43,52,45.26315789473684,24,60,28.57142857142857,50,45,52.63157894736842,41,52,44.086021505376344
color t+0,==,color_goal,color t+1,<,color_goal,259,407,38.88888888888889,6,10,37.5,8,16,33.33333333333333,6,10,37.5,7,8,46.666666666666664,9,17,34.61538461538461,3,2,60.0,3,10,23.076923076923077,6,9,40.0,8,14,36.36363636363637,9,21,30.0,8,9,47.05882352941176,9,15,37.5,6,11,35.294117647058826,5,20,20.0,11,20,35.483870967741936,7,16,30.434782608695656,11,15,42.30769230769231,6,6,50.0,9,7,56.25,9,15,37.5,5,10,33.33333333333333,4,11,26.666666666666668,4,2,66.66666666666666,3,19,13.636363636363635,12,10,54.54545454545454,15,9,62.5,6,5,54.54545454545454,11,13,45.83333333333333,8,13,38.095238095238095,8,11,42.10526315789473,8,17,32.0,9,11,45.0,10,12,45.45454545454545,3,6,33.33333333333333,7,7,50.0
color t+20,>,color_goal,color t+0,<,color_goal,1004,1588,38.73456790123457,32,57,35.95505617977528,29,49,37.17948717948718,30,40,42.857142857142854,24,48,33.33333333333333,33,37,47.14285714285714,36,42,46.15384615384615,20,59,25.31645569620253,22,53,29.333333333333332,35,44,44.303797468354425,34,41,45.33333333333333,23,53,30.263157894736842,19,57,25.0,38,36,51.35135135135135,26,46,36.11111111111111,32,32,50.0,32,46,41.02564102564102,31,44,41.333333333333336,25,36,40.98360655737705,39,36,52.0,20,54,27.027027027027028,32,48,40.0,26,60,30.23255813953488,23,38,37.704918032786885,19,56,25.333333333333336,29,39,42.64705882352941,23,51,31.08108108108108,38,31,55.072463768115945,26,56,31.70731707317073,19,50,27.536231884057973,33,38,46.478873239436616,29,40,42.028985507246375,41,38,51.89873417721519,24,49,32.87671232876712,37,40,48.05194805194805,25,44,36.231884057971016
color t+2,>,color_goal,color t+0,<,color_goal,1118,1786,38.49862258953168,30,68,30.612244897959183,32,56,36.36363636363637,37,40,48.05194805194805,33,48,40.74074074074074,34,44,43.58974358974359,40,44,47.61904761904761,26,62,29.545454545454547,31,54,36.470588235294116,31,56,35.63218390804598,32,51,38.55421686746988,29,56,34.11764705882353,30,57,34.48275862068966,35,48,42.168674698795186,27,54,33.33333333333333,31,39,44.285714285714285,31,54,36.470588235294116,30,52,36.58536585365854,32,38,45.714285714285715,39,44,46.98795180722892,26,58,30.952380952380953,35,55,38.88888888888889,24,71,25.263157894736842,31,42,42.465753424657535,26,59,30.58823529411765,31,44,41.333333333333336,28,58,32.55813953488372,39,39,50.0,32,60,34.78260869565217,26,53,32.91139240506329,35,45,43.75,29,50,36.708860759493675,36,50,41.86046511627907,31,52,37.34939759036144,46,38,54.761904761904766,33,47,41.25
color t+17,>,color_goal,color t+0,<,color_goal,948,1699,35.81412920287118,24,65,26.96629213483146,22,57,27.848101265822784,28,43,39.436619718309856,40,35,53.333333333333336,28,43,39.436619718309856,32,47,40.50632911392405,32,50,39.02439024390244,32,46,41.02564102564102,25,55,31.25,22,53,29.333333333333332,31,47,39.743589743589745,27,52,34.177215189873415,24,51,32.0,26,49,34.66666666666667,27,39,40.909090909090914,26,52,33.33333333333333,24,52,31.57894736842105,26,38,40.625,32,46,41.02564102564102,29,46,38.666666666666664,26,55,32.098765432098766,29,59,32.95454545454545,25,36,40.98360655737705,26,51,33.76623376623377,29,41,41.42857142857143,31,46,40.25974025974026,22,50,30.555555555555557,20,65,23.52941176470588,19,51,27.142857142857142,17,54,23.943661971830984,30,42,41.66666666666667,19,60,24.050632911392405,34,39,46.57534246575342,34,44,43.58974358974359,30,40,42.857142857142854
color t+0,>,color_goal,color t+17,<,color_goal,941,1737,35.13816280806572,22,67,24.719101123595504,22,59,27.160493827160494,24,47,33.80281690140845,35,38,47.94520547945205,26,42,38.23529411764706,28,46,37.83783783783784,31,52,37.34939759036144,25,52,32.467532467532465,25,54,31.645569620253166,23,53,30.263157894736842,34,47,41.9753086419753,29,54,34.93975903614458,24,55,30.37974683544304,24,51,32.0,25,41,37.878787878787875,20,54,27.027027027027028,31,43,41.891891891891895,27,37,42.1875,28,46,37.83783783783784,29,51,36.25,24,57,29.629629629629626,27,61,30.681818181818183,31,36,46.26865671641791,24,57,29.629629629629626,32,40,44.44444444444444,34,48,41.46341463414634,23,50,31.506849315068493,22,67,24.719101123595504,23,51,31.08108108108108,24,50,32.432432432432435,29,43,40.27777777777778,20,60,25.0,34,41,45.33333333333333,31,44,41.333333333333336,31,43,41.891891891891895
color t+0,>,color_goal,color t+19,<,color_goal,927,1730,34.8889725254046,24,63,27.586206896551722,27,52,34.177215189873415,26,44,37.142857142857146,21,52,28.767123287671232,30,37,44.776119402985074,24,49,32.87671232876712,29,54,34.93975903614458,27,50,35.064935064935064,30,47,38.961038961038966,26,50,34.21052631578947,30,50,37.5,20,63,24.096385542168676,31,46,40.25974025974026,31,44,41.333333333333336,29,37,43.93939393939394,23,51,31.08108108108108,28,44,38.88888888888889,23,41,35.9375,31,42,42.465753424657535,25,55,31.25,30,51,37.03703703703704,23,65,26.136363636363637,25,42,37.3134328358209,23,58,28.39506172839506,26,45,36.61971830985916,29,52,35.80246913580247,35,38,47.94520547945205,27,62,30.337078651685395,16,58,21.62162162162162,20,52,27.77777777777778,28,44,38.88888888888889,30,49,37.9746835443038,25,50,33.33333333333333,28,47,37.333333333333336,27,46,36.986301369863014
color t+19,>,color_goal,color t+0,<,color_goal,891,1717,34.16411042944785,25,64,28.08988764044944,24,55,30.37974683544304,21,49,30.0,25,48,34.24657534246575,30,40,42.857142857142854,31,48,39.24050632911392,22,58,27.500000000000004,20,56,26.31578947368421,33,47,41.25,28,47,37.333333333333336,29,47,38.15789473684211,18,59,23.376623376623375,28,47,37.333333333333336,31,42,42.465753424657535,27,37,42.1875,28,50,35.8974358974359,31,44,41.333333333333336,22,40,35.483870967741936,33,43,43.42105263157895,19,55,25.675675675675674,30,50,37.5,22,64,25.581395348837212,21,40,34.42622950819672,15,60,20.0,27,42,39.130434782608695,25,50,33.33333333333333,32,38,45.714285714285715,22,61,26.506024096385545,14,55,20.28985507246377,24,47,33.80281690140845,27,43,38.57142857142858,31,48,39.24050632911392,26,47,35.61643835616438,29,48,37.66233766233766,21,48,30.434782608695656
color t+6,>,color_goal,color t+0,>,color_goal,928,1897,32.849557522123895,39,58,40.20618556701031,32,55,36.7816091954023,28,47,37.333333333333336,22,57,27.848101265822784,22,54,28.947368421052634,22,61,26.506024096385545,23,61,27.380952380952383,25,58,30.120481927710845,28,57,32.94117647058823,30,51,37.03703703703704,26,55,32.098765432098766,25,58,30.120481927710845,21,61,25.609756097560975,29,48,37.66233766233766,25,45,35.714285714285715,31,53,36.904761904761905,32,48,40.0,13,55,19.11764705882353,30,50,37.5,16,64,20.0,36,53,40.44943820224719,32,59,35.16483516483517,13,58,18.30985915492958,34,47,41.9753086419753,18,54,25.0,24,58,29.268292682926827,28,46,37.83783783783784,36,52,40.909090909090914,22,56,28.205128205128204,30,49,37.9746835443038,23,54,29.87012987012987,29,55,34.523809523809526,29,53,35.36585365853659,32,51,38.55421686746988,23,56,29.11392405063291
color t+0,<=,color_goal,color t+0,>=,color t+10,1184,2448,32.59911894273127,22,70,23.91304347826087,27,75,26.47058823529412,43,66,39.44954128440367,40,67,37.38317757009346,41,70,36.93693693693694,49,55,47.11538461538461,31,69,31.0,33,70,32.038834951456316,28,77,26.666666666666668,31,77,28.703703703703702,27,71,27.55102040816326,33,64,34.02061855670103,26,78,25.0,26,80,24.528301886792452,40,75,34.78260869565217,29,79,26.851851851851855,31,73,29.807692307692307,49,66,42.608695652173914,38,65,36.89320388349515,40,73,35.39823008849557,35,62,36.08247422680412,23,67,25.555555555555554,40,71,36.03603603603604,26,72,26.53061224489796,32,73,30.476190476190478,24,73,24.742268041237114,34,71,32.38095238095238,29,64,31.182795698924732,38,69,35.51401869158878,39,68,36.44859813084112,39,69,36.11111111111111,31,72,30.097087378640776,32,69,31.683168316831683,39,62,38.613861386138616,39,66,37.142857142857146
color t+0,>,color_goal,color t+18,<,color_goal,855,1812,32.05849268841395,21,67,23.863636363636363,20,60,25.0,21,49,30.0,26,47,35.61643835616438,25,42,37.3134328358209,23,51,31.08108108108108,30,53,36.144578313253014,23,54,29.87012987012987,27,51,34.61538461538461,22,54,28.947368421052634,31,50,38.2716049382716,21,62,25.301204819277107,23,55,29.48717948717949,28,47,37.333333333333336,21,45,31.818181818181817,20,54,27.027027027027028,29,44,39.726027397260275,23,41,35.9375,29,44,39.726027397260275,27,53,33.75,25,56,30.864197530864196,23,65,26.136363636363637,26,41,38.80597014925373,20,61,24.691358024691358,26,46,36.11111111111111,31,50,38.2716049382716,26,47,35.61643835616438,20,69,22.47191011235955,17,57,22.972972972972975,19,54,26.027397260273972,29,43,40.27777777777778,19,60,24.050632911392405,29,46,38.666666666666664,26,49,34.66666666666667,29,45,39.189189189189186
color t+18,>,color_goal,color t+0,<,color_goal,838,1787,31.923809523809528,21,68,23.595505617977526,20,59,25.31645569620253,17,53,24.285714285714285,32,42,43.24324324324324,28,42,40.0,27,52,34.177215189873415,26,55,32.098765432098766,25,52,32.467532467532465,28,52,35.0,25,50,33.33333333333333,29,48,37.66233766233766,22,56,28.205128205128204,18,57,24.0,29,45,39.189189189189186,22,43,33.84615384615385,28,50,35.8974358974359,25,50,33.33333333333333,20,43,31.746031746031743,32,45,41.55844155844156,24,50,32.432432432432435,24,56,30.0,25,62,28.735632183908045,21,40,34.42622950819672,16,60,21.052631578947366,23,47,32.857142857142854,25,51,32.89473684210527,25,46,35.2112676056338,21,63,25.0,13,56,18.84057971014493,18,53,25.352112676056336,29,42,40.845070422535215,19,60,24.050632911392405,30,43,41.0958904109589,29,49,37.17948717948718,22,47,31.88405797101449
angle t+7,==,angle t+0,color t+3,<,color_goal,8,18,30.76923076923077,0,0,0,0,2,0.0,0,1,0.0,0,0,0,0,1,0.0,0,0,0,0,1,0.0,1,1,50.0,0,0,0,1,4,20.0,0,1,0.0,0,0,0,0,1,0.0,0,1,0.0,0,0,0,0,0,0,0,0,0,0,0,0,0,1,0.0,2,0,100.0,1,0,100.0,0,0,0,1,0,100.0,0,1,0.0,0,1,0.0,0,1,0.0,0,0,0,0,0,0,1,0,100.0,0,0,0,0,1,0.0,0,0,0,0,0,0,0,0,0,1,0,100.0
